,Unnamed: 0,Unnamed: 0.1.1.1.1.1.1,Team,Game,Date,Home,Opponent,WINorLOSS,Points,Opp.Points,FieldGoals,FieldGoalsAttempted,FieldGoals.,3PointShots,3PointShotsAttempted,3PointShots.,FreeThrows,FreeThrowsAttempted,FreeThrows.,OffRebounds,TotalRebounds,Assists,Steals,Blocks,Turnovers,TotalFouls,Opp.FieldGoals,Opp.FieldGoalsAttempted,Opp.FieldGoals.,Opp.3PointShots,Opp.3PointShotsAttempted,Opp.3PointShots.,Opp.FreeThrows,Opp.FreeThrowsAttempted,Opp.FreeThrows.,Opp.OffRebounds,Opp.TotalRebounds,Opp.Assists,Opp.Steals,Opp.Blocks,Opp.Turnovers,Opp.TotalFouls,differential_Points,cumalitive_Points,cumalitive_Opp.Points,cumalitive_differential_Points,average_Points,average_Opp.{},average_Points_differential,differential_FieldGoals,cumalitive_FieldGoals,cumalitive_Opp.FieldGoals,cumalitive_differential_FieldGoals,average_FieldGoals,average_FieldGoals_differential,differential_FieldGoalsAttempted,cumalitive_FieldGoalsAttempted,cumalitive_Opp.FieldGoalsAttempted,cumalitive_differential_FieldGoalsAttempted,average_FieldGoalsAttempted,average_FieldGoalsAttempted_differential,differential_FieldGoals.,cumalitive_FieldGoals.,cumalitive_Opp.FieldGoals.,cumalitive_differential_FieldGoals.,average_FieldGoals.,average_FieldGoals._differential,differential_3PointShots,cumalitive_3PointShots,cumalitive_Opp.3PointShots,cumalitive_differential_3PointShots,average_3PointShots,average_3PointShots_differential,differential_3PointShotsAttempted,cumalitive_3PointShotsAttempted,cumalitive_Opp.3PointShotsAttempted,cumalitive_differential_3PointShotsAttempted,average_3PointShotsAttempted,average_3PointShotsAttempted_differential,differential_3PointShots.,cumalitive_3PointShots.,cumalitive_Opp.3PointShots.,cumalitive_differential_3PointShots.,average_3PointShots.,average_3PointShots._differential,differential_FreeThrows,cumalitive_FreeThrows,cumalitive_Opp.FreeThrows,cumalitive_differential_FreeThrows,average_FreeThrows,average_FreeThrows_differential,differential_FreeThrowsAttempted,cumalitive_FreeThrowsAttempted,cumalitive_Opp.FreeThrowsAttempted,cumalitive_differential_FreeThrowsAttempted,average_FreeThrowsAttempted,average_FreeThrowsAttempted_differential,differential_FreeThrows.,cumalitive_FreeThrows.,cumalitive_Opp.FreeThrows.,cumalitive_differential_FreeThrows.,average_FreeThrows.,average_FreeThrows._differential,differential_OffRebounds,cumalitive_OffRebounds,cumalitive_Opp.OffRebounds,cumalitive_differential_OffRebounds,average_OffRebounds,average_OffRebounds_differential,differential_TotalRebounds,cumalitive_TotalRebounds,cumalitive_Opp.TotalRebounds,cumalitive_differential_TotalRebounds,average_TotalRebounds,average_TotalRebounds_differential,differential_Assists,cumalitive_Assists,cumalitive_Opp.Assists,cumalitive_differential_Assists,average_Assists,average_Assists_differential,differential_Steals,cumalitive_Steals,cumalitive_Opp.Steals,cumalitive_differential_Steals,average_Steals,average_Steals_differential,differential_Blocks,cumalitive_Blocks,cumalitive_Opp.Blocks,cumalitive_differential_Blocks,average_Blocks,average_Blocks_differential,differential_Turnovers,cumalitive_Turnovers,cumalitive_Opp.Turnovers,cumalitive_differential_Turnovers,average_Turnovers,average_Turnovers_differential,differential_TotalFouls,cumalitive_TotalFouls,cumalitive_Opp.TotalFouls,cumalitive_differential_TotalFouls,average_TotalFouls,average_TotalFouls_differential
0,0,1142,BRK,1,2015-10-28,Home,CHI,L,100,115,39,93,0.419,0,9,0.0,22,28,0.7859999999999999,16,45,19,11,5,13,18,42,78,0.5379999999999999,14,28,0.5,17,20,0.85,5,39,20,9,3,19,24,-15,100,115,-15,100.0,24.0,-15.0,-3,39,42,-3,39.0,-3.0,15,93,78,15,93.0,15.0,-0.11899999999999994,0.419,0.5379999999999999,-0.11899999999999994,0.419,-0.11899999999999994,-14,0,14,-14,0.0,-14.0,-19,9,28,-19,9.0,-19.0,-0.5,0.0,0.5,-0.5,0.0,-0.5,5,22,17,5,22.0,5.0,8,28,20,8,28.0,8.0,-0.06400000000000006,0.7859999999999999,0.85,-0.06400000000000006,0.7859999999999999,-0.06400000000000006,11,16,5,11,16.0,11.0,6,45,39,6,45.0,6.0,-1,19,20,-1,19.0,-1.0,2,11,9,2,11.0,2.0,2,5,3,2,5.0,2.0,-6,13,19,-6,13.0,-6.0,-6,18,24,-6,18.0,-6.0
1,1,2142,BRK,2,2015-10-30,Away,SAS,L,75,102,31,77,0.40299999999999997,5,16,0.313,8,15,0.5329999999999999,2,32,17,6,6,15,17,40,86,0.465,9,22,0.409,13,13,1.0,12,56,23,7,4,18,16,-27,175,217,-42,87.5,20.0,-21.0,-9,70,82,-12,35.0,-6.0,-9,170,164,6,85.0,3.0,-0.062000000000000055,0.822,1.003,-0.181,0.411,-0.0905,-4,5,23,-18,2.5,-9.0,-6,25,50,-25,12.5,-12.5,-0.09599999999999997,0.313,0.909,-0.596,0.1565,-0.298,-5,30,30,0,15.0,0.0,2,43,33,10,21.5,5.0,-0.4670000000000001,1.319,1.85,-0.5310000000000001,0.6595,-0.26550000000000007,-10,18,17,1,9.0,0.5,-24,77,95,-18,38.5,-9.0,-6,36,43,-7,18.0,-3.5,-1,17,16,1,8.5,0.5,2,11,7,4,5.5,2.0,-3,28,37,-9,14.0,-4.5,1,35,40,-5,17.5,-2.5
2,2,3142,BRK,3,2015-10-31,Away,MEM,L,91,101,38,79,0.48100000000000004,3,13,0.231,12,18,0.667,8,43,21,3,3,12,22,34,80,0.425,9,23,0.391,24,28,0.857,11,42,26,6,2,9,19,-10,266,318,-52,88.66666666666667,19.666666666666668,-17.333333333333332,4,108,116,-8,36.0,-2.6666666666666665,-1,249,244,5,83.0,1.6666666666666667,0.05600000000000005,1.303,1.428,-0.12499999999999994,0.4343333333333333,-0.04166666666666665,-6,8,32,-24,2.6666666666666665,-8.0,-10,38,73,-35,12.666666666666666,-11.666666666666666,-0.16,0.544,1.3,-0.756,0.18133333333333335,-0.252,-12,42,54,-12,14.0,-4.0,-10,61,61,0,20.333333333333332,0.0,-0.18999999999999995,1.986,2.707,-0.7210000000000001,0.662,-0.24033333333333337,-3,26,28,-2,8.666666666666666,-0.6666666666666666,1,120,137,-17,40.0,-5.666666666666667,-5,57,69,-12,19.0,-4.0,-3,20,22,-2,6.666666666666667,-0.6666666666666666,1,14,9,5,4.666666666666667,1.6666666666666667,3,40,46,-6,13.333333333333334,-2.0,3,57,59,-2,19.0,-0.6666666666666666
3,3,4142,BRK,4,2015-11-02,Home,MIL,L,96,103,36,79,0.456,6,19,0.316,18,22,0.818,10,35,21,3,4,18,23,38,73,0.521,9,23,0.391,18,26,0.6920000000000001,8,36,24,6,7,14,23,-7,362,421,-59,90.5,20.5,-14.75,-2,144,154,-10,36.0,-2.5,6,328,317,11,82.0,2.75,-0.065,1.759,1.9489999999999998,-0.18999999999999995,0.43975,-0.04749999999999999,-3,14,41,-27,3.5,-6.75,-4,57,96,-39,14.25,-9.75,-0.07500000000000001,0.8600000000000001,1.691,-0.831,0.21500000000000002,-0.20775,0,60,72,-12,15.0,-3.0,-4,83,87,-4,20.75,-1.0,0.1259999999999999,2.804,3.399,-0.5950000000000002,0.701,-0.14875000000000005,2,36,36,0,9.0,0.0,-1,155,173,-18,38.75,-4.5,-3,78,93,-15,19.5,-3.75,-3,23,28,-5,5.75,-1.25,-3,18,16,2,4.5,0.5,4,58,60,-2,14.5,-0.5,0,80,82,-2,20.0,-0.5
4,4,5142,BRK,5,2015-11-04,Away,ATL,L,87,101,36,83,0.434,5,21,0.23800000000000002,10,13,0.769,14,43,24,9,4,19,19,37,76,0.48700000000000004,8,22,0.364,19,24,0.792,6,34,27,15,10,13,17,-14,449,522,-73,89.8,19.8,-14.6,-1,180,191,-11,36.0,-2.2,7,411,393,18,82.2,3.6,-0.05300000000000005,2.193,2.436,-0.243,0.4386,-0.0486,-3,19,49,-30,3.8,-6.0,-1,78,118,-40,15.6,-8.0,-0.12599999999999997,1.098,2.055,-0.957,0.21960000000000002,-0.1914,-9,70,91,-21,14.0,-4.2,-11,96,111,-15,19.2,-3.0,-0.02300000000000002,3.573,4.191,-0.6180000000000002,0.7146,-0.12360000000000004,8,50,42,8,10.0,1.6,9,198,207,-9,39.6,-1.8,-3,102,120,-18,20.4,-3.6,-6,32,43,-11,6.4,-2.2,-6,22,26,-4,4.4,-0.8,6,77,73,4,15.4,0.8,2,99,99,0,19.8,0.0
5,5,6142,BRK,6,2015-11-06,Home,LAL,L,98,104,40,93,0.43,3,19,0.158,15,20,0.75,14,46,21,6,6,15,29,33,78,0.423,7,23,0.304,31,40,0.775,5,40,14,9,6,15,22,-6,547,626,-79,91.16666666666667,20.166666666666668,-13.166666666666666,7,220,224,-4,36.666666666666664,-0.6666666666666666,15,504,471,33,84.0,5.5,0.007000000000000006,2.623,2.859,-0.236,0.4371666666666667,-0.03933333333333333,-4,22,56,-34,3.6666666666666665,-5.666666666666667,-4,97,141,-44,16.166666666666668,-7.333333333333333,-0.146,1.256,2.359,-1.103,0.20933333333333334,-0.18383333333333332,-16,85,122,-37,14.166666666666666,-6.166666666666667,-20,116,151,-35,19.333333333333332,-5.833333333333333,-0.025000000000000022,4.323,4.966,-0.6430000000000002,0.7205,-0.1071666666666667,9,64,47,17,10.666666666666666,2.8333333333333335,6,244,247,-3,40.666666666666664,-0.5,7,123,134,-11,20.5,-1.8333333333333333,-3,38,52,-14,6.333333333333333,-2.3333333333333335,0,28,32,-4,4.666666666666667,-0.6666666666666666,0,92,88,4,15.333333333333334,0.6666666666666666,7,128,121,7,21.333333333333332,1.1666666666666667
6,6,7142,BRK,7,2015-11-07,Away,MIL,L,86,94,34,82,0.415,3,9,0.33299999999999996,15,19,0.789,17,52,18,11,3,18,18,37,82,0.451,8,20,0.4,12,16,0.75,10,41,27,9,6,15,16,-8,633,720,-87,90.42857142857143,19.571428571428573,-12.428571428571429,-3,254,261,-7,36.285714285714285,-1.0,0,586,553,33,83.71428571428571,4.714285714285714,-0.03600000000000003,3.0380000000000003,3.31,-0.272,0.43400000000000005,-0.03885714285714286,-5,25,64,-39,3.5714285714285716,-5.571428571428571,-11,106,161,-55,15.142857142857142,-7.857142857142857,-0.06700000000000006,1.589,2.759,-1.17,0.227,-0.16714285714285712,3,100,134,-34,14.285714285714286,-4.857142857142857,3,135,167,-32,19.285714285714285,-4.571428571428571,0.039000000000000035,5.112,5.716,-0.6040000000000002,0.7302857142857143,-0.08628571428571431,7,81,57,24,11.571428571428571,3.4285714285714284,11,296,288,8,42.285714285714285,1.1428571428571428,-9,141,161,-20,20.142857142857142,-2.857142857142857,2,49,61,-12,7.0,-1.7142857142857142,-3,31,38,-7,4.428571428571429,-1.0,3,110,103,7,15.714285714285714,1.0,2,146,137,9,20.857142857142858,1.2857142857142858
7,7,851,BRK,8,2015-11-11,Away,HOU,W,106,98,42,98,0.429,8,17,0.47100000000000003,14,17,0.8240000000000001,20,60,25,5,11,11,13,42,98,0.429,8,34,0.235,6,12,0.5,13,45,25,9,9,7,14,8,739,818,-79,92.375,18.875,-9.875,0,296,303,-7,37.0,-0.875,0,684,651,33,85.5,4.125,0.0,3.467,3.739,-0.272,0.433375,-0.034,0,33,72,-39,4.125,-4.875,-17,123,195,-72,15.375,-9.0,0.23600000000000004,2.06,2.9939999999999998,-0.9339999999999999,0.2575,-0.11674999999999999,8,114,140,-26,14.25,-3.25,5,152,179,-27,19.0,-3.375,0.32400000000000007,5.936,6.216,-0.28000000000000014,0.742,-0.03500000000000002,7,101,70,31,12.625,3.875,15,356,333,23,44.5,2.875,0,166,186,-20,20.75,-2.5,-4,54,70,-16,6.75,-2.0,2,42,47,-5,5.25,-0.625,4,121,110,11,15.125,1.375,-1,159,151,8,19.875,1.0
8,8,932,BRK,9,2015-11-13,Away,SAC,L,109,111,42,89,0.47200000000000003,8,21,0.381,17,21,0.81,9,44,24,7,4,15,24,40,94,0.426,11,27,0.40700000000000003,20,26,0.769,15,50,25,11,3,14,16,-2,848,929,-81,94.22222222222223,18.555555555555557,-9.0,2,338,343,-5,37.55555555555556,-0.5555555555555556,-5,773,745,28,85.88888888888889,3.111111111111111,0.04600000000000004,3.939,4.165,-0.22599999999999998,0.43766666666666665,-0.02511111111111111,-3,41,83,-42,4.555555555555555,-4.666666666666667,-6,144,222,-78,16.0,-8.666666666666666,-0.026000000000000023,2.441,3.401,-0.96,0.2712222222222222,-0.10666666666666666,-3,131,160,-29,14.555555555555555,-3.2222222222222223,-5,173,205,-32,19.22222222222222,-3.5555555555555554,0.041000000000000036,6.746,6.985,-0.2390000000000001,0.7495555555555556,-0.02655555555555557,-6,110,85,25,12.222222222222221,2.7777777777777777,-6,400,383,17,44.44444444444444,1.8888888888888888,-1,190,211,-21,21.11111111111111,-2.3333333333333335,-4,61,81,-20,6.777777777777778,-2.2222222222222223,1,46,50,-4,5.111111111111111,-0.4444444444444444,1,136,124,12,15.11111111111111,1.3333333333333333,8,183,167,16,20.333333333333332,1.7777777777777777
9,9,1032,BRK,10,2015-11-14,Away,GSW,L,99,107,41,98,0.418,2,18,0.111,15,16,0.938,11,50,22,12,4,12,13,43,97,0.44299999999999995,12,34,0.353,9,10,0.9,11,50,31,9,10,14,19,-8,947,1036,-89,94.7,18.6,-8.9,-2,379,386,-7,37.9,-0.7,1,871,842,29,87.1,2.9,-0.024999999999999967,4.357,4.608,-0.25099999999999995,0.43570000000000003,-0.025099999999999994,-10,43,95,-52,4.3,-5.2,-16,162,256,-94,16.2,-9.4,-0.242,2.552,3.7539999999999996,-1.202,0.2552,-0.1202,6,146,169,-23,14.6,-2.3,6,189,215,-26,18.9,-2.6,0.03799999999999992,7.684,7.885000000000001,-0.20100000000000018,0.7684,-0.020100000000000017,0,121,96,25,12.1,2.5,0,450,433,17,45.0,1.7,-9,212,242,-30,21.2,-3.0,3,73,90,-17,7.3,-1.7,-6,50,60,-10,5.0,-1.0,-2,148,138,10,14.8,1.0,-6,196,186,10,19.6,1.0
10,10,1143,BRK,11,2015-11-17,Home,ATL,W,90,88,37,84,0.44,9,20,0.45,7,13,0.5379999999999999,9,44,22,14,3,11,14,33,76,0.434,12,29,0.414,10,14,0.7140000000000001,8,44,22,7,7,20,17,2,1037,1124,-87,94.27272727272727,18.454545454545453,-7.909090909090909,4,416,419,-3,37.81818181818182,-0.2727272727272727,8,955,918,37,86.81818181818181,3.3636363636363638,0.006000000000000005,4.797000000000001,5.042,-0.24499999999999994,0.43609090909090914,-0.022272727272727267,-3,52,107,-55,4.7272727272727275,-5.0,-9,182,285,-103,16.545454545454547,-9.363636363636363,0.03600000000000003,3.0020000000000002,4.167999999999999,-1.166,0.27290909090909093,-0.106,-3,153,179,-26,13.909090909090908,-2.3636363636363638,-1,202,229,-27,18.363636363636363,-2.4545454545454546,-0.17600000000000016,8.222,8.599,-0.37700000000000033,0.7474545454545454,-0.0342727272727273,1,130,104,26,11.818181818181818,2.3636363636363638,0,494,477,17,44.90909090909091,1.5454545454545454,0,234,264,-30,21.272727272727273,-2.727272727272727,7,87,97,-10,7.909090909090909,-0.9090909090909091,-4,53,67,-14,4.818181818181818,-1.2727272727272727,-9,159,158,1,14.454545454545455,0.09090909090909091,-3,210,203,7,19.09090909090909,0.6363636363636364
11,11,1234,BRK,12,2015-11-18,Away,CHO,L,111,116,44,91,0.484,5,15,0.33299999999999996,18,22,0.818,5,37,25,5,4,9,23,39,80,0.488,11,25,0.44,27,36,0.75,9,49,27,5,8,15,16,-5,1148,1240,-92,95.66666666666667,18.25,-7.666666666666667,5,460,458,2,38.333333333333336,0.16666666666666666,11,1046,998,48,87.16666666666667,4.0,-0.0040000000000000036,5.281000000000001,5.529999999999999,-0.24899999999999994,0.4400833333333334,-0.020749999999999994,-6,57,118,-61,4.75,-5.083333333333333,-10,197,310,-113,16.416666666666668,-9.416666666666666,-0.10700000000000004,3.335,4.608,-1.273,0.27791666666666665,-0.10608333333333332,-9,171,206,-35,14.25,-2.9166666666666665,-14,224,265,-41,18.666666666666668,-3.4166666666666665,0.06799999999999995,9.04,9.349,-0.3090000000000004,0.7533333333333333,-0.025750000000000033,-4,135,113,22,11.25,1.8333333333333333,-12,531,526,5,44.25,0.4166666666666667,-2,259,291,-32,21.583333333333332,-2.6666666666666665,0,92,102,-10,7.666666666666667,-0.8333333333333334,-4,57,75,-18,4.75,-1.5,-6,168,173,-5,14.0,-0.4166666666666667,7,233,219,14,19.416666666666668,1.1666666666666667
12,12,1332,BRK,13,2015-11-20,Away,BOS,L,95,120,35,89,0.39299999999999996,8,19,0.42100000000000004,17,24,0.708,14,44,17,10,0,19,13,51,87,0.586,10,29,0.345,8,10,0.8,7,41,39,10,4,16,19,-25,1243,1360,-117,95.61538461538461,18.307692307692307,-9.0,-16,495,509,-14,38.07692307692308,-1.0769230769230769,2,1135,1085,50,87.3076923076923,3.8461538461538463,-0.193,5.674,6.116,-0.44199999999999995,0.4364615384615385,-0.033999999999999996,-2,65,128,-63,5.0,-4.846153846153846,-10,216,339,-123,16.615384615384617,-9.461538461538462,0.07600000000000007,3.7560000000000002,4.952999999999999,-1.1969999999999998,0.28892307692307695,-0.09207692307692307,9,188,214,-26,14.461538461538462,-2.0,14,248,275,-27,19.076923076923077,-2.076923076923077,-0.09200000000000008,9.748,10.149000000000001,-0.40100000000000047,0.7498461538461538,-0.03084615384615388,7,149,120,29,11.461538461538462,2.230769230769231,3,575,567,8,44.23076923076923,0.6153846153846154,-22,276,330,-54,21.23076923076923,-4.153846153846154,0,102,112,-10,7.846153846153846,-0.7692307692307693,-4,57,79,-22,4.384615384615385,-1.6923076923076923,3,187,189,-2,14.384615384615385,-0.15384615384615385,-6,246,238,8,18.923076923076923,0.6153846153846154
13,13,1432,BRK,14,2015-11-22,Home,BOS,W,111,101,40,79,0.506,5,15,0.33299999999999996,26,33,0.7879999999999999,14,49,18,11,4,14,20,35,82,0.4270000000000001,14,37,0.37799999999999995,17,21,0.81,10,35,19,9,2,17,28,10,1354,1461,-107,96.71428571428571,19.0,-7.642857142857143,5,535,544,-9,38.214285714285715,-0.6428571428571429,-3,1214,1167,47,86.71428571428571,3.357142857142857,0.0789999999999999,6.180000000000001,6.543,-0.36300000000000004,0.44142857142857145,-0.025928571428571433,-9,70,142,-72,5.0,-5.142857142857143,-22,231,376,-145,16.5,-10.357142857142858,-0.044999999999999984,4.089,5.3309999999999995,-1.2419999999999998,0.2920714285714286,-0.0887142857142857,9,214,231,-17,15.285714285714286,-1.2142857142857142,12,281,296,-15,20.071428571428573,-1.0714285714285714,-0.02200000000000013,10.536,10.959000000000001,-0.4230000000000006,0.7525714285714286,-0.030214285714285756,4,163,130,33,11.642857142857142,2.357142857142857,14,624,602,22,44.57142857142857,1.5714285714285714,-1,294,349,-55,21.0,-3.9285714285714284,2,113,121,-8,8.071428571428571,-0.5714285714285714,2,61,81,-20,4.357142857142857,-1.4285714285714286,-3,201,206,-5,14.357142857142858,-0.35714285714285715,-8,266,266,0,19.0,0.0
14,14,1532,BRK,15,2015-11-25,Away,OKC,L,99,110,43,94,0.457,3,13,0.231,10,12,0.833,11,45,20,10,3,17,19,41,78,0.526,10,24,0.41700000000000004,18,21,0.857,4,42,26,11,7,19,11,-11,1453,1571,-118,96.86666666666666,18.466666666666665,-7.866666666666666,2,578,585,-7,38.53333333333333,-0.4666666666666667,16,1308,1245,63,87.2,4.2,-0.069,6.6370000000000005,7.069,-0.43200000000000005,0.4424666666666667,-0.028800000000000003,-7,73,152,-79,4.866666666666666,-5.266666666666667,-11,244,400,-156,16.266666666666666,-10.4,-0.18600000000000003,4.32,5.747999999999999,-1.4279999999999997,0.28800000000000003,-0.09519999999999998,-8,224,249,-25,14.933333333333334,-1.6666666666666667,-9,293,317,-24,19.533333333333335,-1.6,-0.02400000000000002,11.369,11.816,-0.4470000000000006,0.7579333333333333,-0.02980000000000004,7,174,134,40,11.6,2.6666666666666665,3,669,644,25,44.6,1.6666666666666667,-6,314,375,-61,20.933333333333334,-4.066666666666666,-1,123,132,-9,8.2,-0.6,-4,64,88,-24,4.266666666666667,-1.6,-2,218,225,-7,14.533333333333333,-0.4666666666666667,8,285,277,8,19.0,0.5333333333333333
15,15,1632,BRK,16,2015-11-28,Away,CLE,L,88,90,33,81,0.40700000000000003,4,17,0.235,18,24,0.75,8,46,21,9,4,16,18,35,87,0.402,9,27,0.33299999999999996,11,17,0.647,12,49,20,9,11,19,19,-2,1541,1661,-120,96.3125,18.5,-7.5,-2,611,620,-9,38.1875,-0.5625,-6,1389,1332,57,86.8125,3.5625,0.0050000000000000044,7.0440000000000005,7.471,-0.42700000000000005,0.44025000000000003,-0.026687500000000003,-5,77,161,-84,4.8125,-5.25,-10,261,427,-166,16.3125,-10.375,-0.09799999999999998,4.555000000000001,6.0809999999999995,-1.5259999999999998,0.28468750000000004,-0.09537499999999999,7,242,260,-18,15.125,-1.125,7,317,334,-17,19.8125,-1.0625,0.10299999999999998,12.119,12.463000000000001,-0.34400000000000064,0.7574375,-0.02150000000000004,-4,182,146,36,11.375,2.25,-3,715,693,22,44.6875,1.375,1,335,395,-60,20.9375,-3.75,0,132,141,-9,8.25,-0.5625,-7,68,99,-31,4.25,-1.9375,-3,234,244,-10,14.625,-0.625,-1,303,296,7,18.9375,0.4375
16,16,1732,BRK,17,2015-11-29,Home,DET,W,87,83,35,81,0.4320000000000001,4,12,0.33299999999999996,13,16,0.813,7,51,15,8,11,19,16,34,101,0.337,6,24,0.25,9,21,0.429,19,51,19,11,1,14,15,4,1628,1744,-116,95.76470588235294,18.294117647058822,-6.823529411764706,1,646,654,-8,38.0,-0.47058823529411764,-20,1470,1433,37,86.47058823529412,2.176470588235294,0.09500000000000008,7.476000000000001,7.808,-0.33199999999999996,0.439764705882353,-0.01952941176470588,-2,81,167,-86,4.764705882352941,-5.0588235294117645,-12,273,451,-178,16.058823529411764,-10.470588235294118,0.08299999999999996,4.888000000000001,6.3309999999999995,-1.4429999999999998,0.2875294117647059,-0.08488235294117646,4,255,269,-14,15.0,-0.8235294117647058,-5,333,355,-22,19.58823529411765,-1.2941176470588236,0.38399999999999995,12.932,12.892000000000001,0.039999999999999314,0.7607058823529412,0.0023529411764705477,-12,189,165,24,11.117647058823529,1.411764705882353,0,766,744,22,45.05882352941177,1.2941176470588236,-4,350,414,-64,20.58823529411765,-3.764705882352941,-3,140,152,-12,8.235294117647058,-0.7058823529411765,10,79,100,-21,4.647058823529412,-1.2352941176470589,5,253,258,-5,14.882352941176471,-0.29411764705882354,1,319,311,8,18.764705882352942,0.47058823529411764
17,17,1832,BRK,18,2015-12-01,Home,PHO,W,94,91,41,84,0.488,4,13,0.308,8,12,0.667,6,42,23,10,4,15,19,33,75,0.44,10,28,0.35700000000000004,15,22,0.682,4,39,20,9,3,16,13,3,1722,1835,-113,95.66666666666667,18.0,-6.277777777777778,8,687,687,0,38.166666666666664,0.0,9,1554,1508,46,86.33333333333333,2.5555555555555554,0.04799999999999999,7.964,8.248,-0.284,0.4424444444444445,-0.015777777777777776,-6,85,177,-92,4.722222222222222,-5.111111111111111,-15,286,479,-193,15.88888888888889,-10.722222222222221,-0.049000000000000044,5.196000000000001,6.688,-1.492,0.2886666666666667,-0.08288888888888889,-7,263,284,-21,14.61111111111111,-1.1666666666666667,-10,345,377,-32,19.166666666666668,-1.7777777777777777,-0.015000000000000013,13.599,13.574000000000002,0.0249999999999993,0.7555000000000001,0.0013888888888888501,2,195,169,26,10.833333333333334,1.4444444444444444,3,808,783,25,44.888888888888886,1.3888888888888888,3,373,434,-61,20.72222222222222,-3.388888888888889,1,150,161,-11,8.333333333333334,-0.6111111111111112,1,83,103,-20,4.611111111111111,-1.1111111111111112,-1,268,274,-6,14.88888888888889,-0.3333333333333333,6,338,324,14,18.77777777777778,0.7777777777777778
18,18,1932,BRK,19,2015-12-04,Away,NYK,L,91,108,39,91,0.429,3,11,0.273,10,15,0.667,13,49,15,9,4,13,13,39,87,0.44799999999999995,12,27,0.444,18,21,0.857,8,44,25,8,6,13,14,-17,1813,1943,-130,95.42105263157895,17.789473684210527,-6.842105263157895,0,726,726,0,38.21052631578947,0.0,4,1645,1595,50,86.57894736842105,2.6315789473684212,-0.01899999999999996,8.393,8.696,-0.30299999999999994,0.4417368421052632,-0.015947368421052627,-9,88,189,-101,4.631578947368421,-5.315789473684211,-16,297,506,-209,15.631578947368421,-11.0,-0.17099999999999999,5.469,7.132,-1.663,0.2878421052631579,-0.08752631578947369,-8,273,302,-29,14.368421052631579,-1.5263157894736843,-6,360,398,-38,18.94736842105263,-2.0,-0.18999999999999995,14.266,14.431000000000001,-0.16500000000000065,0.7508421052631579,-0.008684210526315824,5,208,177,31,10.947368421052632,1.631578947368421,5,857,827,30,45.10526315789474,1.5789473684210527,-10,388,459,-71,20.42105263157895,-3.736842105263158,1,159,169,-10,8.368421052631579,-0.5263157894736842,-2,87,109,-22,4.578947368421052,-1.1578947368421053,0,281,287,-6,14.789473684210526,-0.3157894736842105,-1,351,338,13,18.473684210526315,0.6842105263157895
19,19,2032,BRK,20,2015-12-06,Home,GSW,L,98,114,39,89,0.43799999999999994,5,17,0.294,15,23,0.652,11,46,21,8,2,13,18,44,86,0.512,14,33,0.424,12,23,0.522,10,46,25,9,9,12,18,-16,1911,2057,-146,95.55,17.8,-7.3,-5,765,770,-5,38.25,-0.25,3,1734,1681,53,86.7,2.65,-0.07400000000000007,8.831000000000001,9.208,-0.377,0.44155000000000005,-0.01885,-9,93,203,-110,4.65,-5.5,-16,314,539,-225,15.7,-11.25,-0.13,5.763,7.556,-1.7930000000000001,0.28815,-0.08965000000000001,3,288,314,-26,14.4,-1.3,0,383,421,-38,19.15,-1.9,0.13,14.918,14.953000000000001,-0.03500000000000064,0.7459,-0.0017500000000000321,1,219,187,32,10.95,1.6,0,903,873,30,45.15,1.5,-4,409,484,-75,20.45,-3.75,-1,167,178,-11,8.35,-0.55,-7,89,118,-29,4.45,-1.45,1,294,299,-5,14.7,-0.25,0,369,356,13,18.45,0.65
20,20,2143,BRK,21,2015-12-08,Home,HOU,W,110,105,45,81,0.556,7,18,0.389,13,16,0.813,12,42,27,14,7,24,17,39,82,0.47600000000000003,15,35,0.429,12,17,0.706,10,36,26,20,3,23,15,5,2021,2162,-141,96.23809523809524,17.666666666666668,-6.714285714285714,6,810,809,1,38.57142857142857,0.047619047619047616,-1,1815,1763,52,86.42857142857143,2.4761904761904763,0.08000000000000002,9.387,9.684000000000001,-0.297,0.447,-0.014142857142857143,-8,100,218,-118,4.761904761904762,-5.619047619047619,-17,332,574,-242,15.80952380952381,-11.523809523809524,-0.03999999999999998,6.152,7.985,-1.8330000000000002,0.29295238095238096,-0.0872857142857143,1,301,326,-25,14.333333333333334,-1.1904761904761905,-1,399,438,-39,19.0,-1.8571428571428572,0.10699999999999998,15.731,15.659,0.07199999999999934,0.749095238095238,0.003428571428571397,2,231,197,34,11.0,1.619047619047619,6,945,909,36,45.0,1.7142857142857142,1,436,510,-74,20.761904761904763,-3.5238095238095237,-6,181,198,-17,8.619047619047619,-0.8095238095238095,4,96,121,-25,4.571428571428571,-1.1904761904761905,1,318,322,-4,15.142857142857142,-0.19047619047619047,2,386,371,15,18.38095238095238,0.7142857142857143
21,21,2234,BRK,22,2015-12-10,Home,PHI,W,100,91,37,74,0.5,6,14,0.429,20,27,0.741,9,43,22,5,1,19,20,34,87,0.391,4,31,0.129,19,22,0.8640000000000001,13,38,17,14,6,10,22,9,2121,2253,-132,96.4090909090909,17.863636363636363,-6.0,3,847,843,4,38.5,0.18181818181818182,-13,1889,1850,39,85.86363636363636,1.7727272727272727,0.10899999999999999,9.887,10.075000000000001,-0.188,0.4494090909090909,-0.008545454545454545,2,106,222,-116,4.818181818181818,-5.2727272727272725,-17,346,605,-259,15.727272727272727,-11.772727272727273,0.3,6.581,8.114,-1.5330000000000001,0.29913636363636364,-0.06968181818181819,1,321,345,-24,14.590909090909092,-1.0909090909090908,5,426,460,-34,19.363636363636363,-1.5454545454545454,-0.12300000000000011,16.472,16.523,-0.05100000000000077,0.7487272727272728,-0.002318181818181853,-4,240,210,30,10.909090909090908,1.3636363636363635,5,988,947,41,44.90909090909091,1.8636363636363635,5,458,527,-69,20.818181818181817,-3.1363636363636362,-9,186,212,-26,8.454545454545455,-1.1818181818181819,-5,97,127,-30,4.409090909090909,-1.3636363636363635,9,337,332,5,15.318181818181818,0.22727272727272727,-2,406,393,13,18.454545454545453,0.5909090909090909
22,22,2332,BRK,23,2015-12-12,Home,LAC,L,100,105,35,79,0.44299999999999995,5,19,0.263,25,30,0.833,12,46,17,5,2,16,22,43,86,0.5,8,24,0.33299999999999996,11,18,0.611,7,40,28,12,0,12,21,-5,2221,2358,-137,96.56521739130434,18.0,-5.956521739130435,-8,882,886,-4,38.34782608695652,-0.17391304347826086,-7,1968,1936,32,85.56521739130434,1.391304347826087,-0.05700000000000005,10.33,10.575000000000001,-0.24500000000000005,0.4491304347826087,-0.01065217391304348,-3,111,230,-119,4.826086956521739,-5.173913043478261,-5,365,629,-264,15.869565217391305,-11.478260869565217,-0.06999999999999995,6.844,8.447000000000001,-1.6030000000000002,0.29756521739130437,-0.06969565217391305,14,346,356,-10,15.043478260869565,-0.43478260869565216,12,456,478,-22,19.82608695652174,-0.9565217391304348,0.22199999999999998,17.305,17.134,0.1709999999999992,0.7523913043478261,0.007434782608695617,5,252,217,35,10.956521739130435,1.5217391304347827,6,1034,987,47,44.95652173913044,2.0434782608695654,-11,475,555,-80,20.652173913043477,-3.4782608695652173,-7,191,224,-33,8.304347826086957,-1.434782608695652,2,99,127,-28,4.304347826086956,-1.2173913043478262,4,353,344,9,15.347826086956522,0.391304347826087,1,428,414,14,18.608695652173914,0.6086956521739131
23,23,2432,BRK,24,2015-12-14,Home,ORL,L,82,105,31,80,0.38799999999999996,7,19,0.368,13,16,0.813,9,39,23,5,0,17,19,41,76,0.539,9,21,0.429,14,20,0.7,7,43,24,12,3,16,18,-23,2303,2463,-160,95.95833333333333,18.0,-6.666666666666667,-10,913,927,-14,38.041666666666664,-0.5833333333333334,4,2048,2012,36,85.33333333333333,1.5,-0.15100000000000008,10.718,11.114,-0.39600000000000013,0.44658333333333333,-0.016500000000000004,-2,118,239,-121,4.916666666666667,-5.041666666666667,-2,384,650,-266,16.0,-11.083333333333334,-0.061,7.212000000000001,8.876000000000001,-1.6640000000000001,0.30050000000000004,-0.06933333333333334,-1,359,370,-11,14.958333333333334,-0.4583333333333333,-4,472,498,-26,19.666666666666668,-1.0833333333333333,0.11299999999999999,18.118,17.834,0.2839999999999992,0.7549166666666666,0.0118333333333333,2,261,224,37,10.875,1.5416666666666667,-4,1073,1030,43,44.708333333333336,1.7916666666666667,-1,498,579,-81,20.75,-3.375,-7,196,236,-40,8.166666666666666,-1.6666666666666667,-3,99,130,-31,4.125,-1.2916666666666667,1,370,360,10,15.416666666666666,0.4166666666666667,1,447,432,15,18.625,0.625
24,24,2532,BRK,25,2015-12-16,Home,MIA,L,98,104,42,89,0.47200000000000003,4,16,0.25,10,14,0.7140000000000001,10,35,24,6,3,6,18,40,75,0.5329999999999999,7,21,0.33299999999999996,17,24,0.708,8,45,16,4,6,12,13,-6,2401,2567,-166,96.04,17.8,-6.64,2,955,967,-12,38.2,-0.48,14,2137,2087,50,85.48,2.0,-0.06099999999999989,11.19,11.647,-0.457,0.4476,-0.01828,-3,122,246,-124,4.88,-4.96,-5,400,671,-271,16.0,-10.84,-0.08299999999999996,7.462000000000001,9.209000000000001,-1.747,0.29848,-0.06988,-7,369,387,-18,14.76,-0.72,-10,486,522,-36,19.44,-1.44,0.006000000000000116,18.831999999999997,18.541999999999998,0.2899999999999993,0.7532799999999998,0.011599999999999973,2,271,232,39,10.84,1.56,-10,1108,1075,33,44.32,1.32,8,522,595,-73,20.88,-2.92,2,202,240,-38,8.08,-1.52,-3,102,136,-34,4.08,-1.36,-6,376,372,4,15.04,0.16,5,465,445,20,18.6,0.8
25,25,2632,BRK,26,2015-12-18,Away,IND,L,97,104,36,86,0.419,8,16,0.5,17,17,1.0,9,42,18,7,6,12,21,37,89,0.41600000000000004,7,28,0.25,23,26,0.885,14,52,17,4,4,11,15,-7,2498,2671,-173,96.07692307692308,17.692307692307693,-6.653846153846154,-1,991,1004,-13,38.11538461538461,-0.5,-3,2223,2176,47,85.5,1.8076923076923077,0.002999999999999947,11.609,12.063,-0.45400000000000007,0.4465,-0.017461538461538466,1,130,253,-123,5.0,-4.730769230769231,-12,416,699,-283,16.0,-10.884615384615385,0.25,7.962000000000001,9.459000000000001,-1.497,0.30623076923076925,-0.05757692307692308,-6,386,410,-24,14.846153846153847,-0.9230769230769231,-9,503,548,-45,19.346153846153847,-1.7307692307692308,0.11499999999999999,19.831999999999997,19.427,0.4049999999999993,0.7627692307692306,0.01557692307692305,-5,280,246,34,10.76923076923077,1.3076923076923077,-10,1150,1127,23,44.23076923076923,0.8846153846153846,1,540,612,-72,20.76923076923077,-2.769230769230769,3,209,244,-35,8.038461538461538,-1.3461538461538463,2,108,140,-32,4.153846153846154,-1.2307692307692308,1,388,383,5,14.923076923076923,0.19230769230769232,6,486,460,26,18.692307692307693,1.0
26,26,2732,BRK,27,2015-12-20,Home,MIN,L,85,100,32,78,0.41,5,21,0.23800000000000002,16,20,0.8,6,39,26,7,2,14,20,38,80,0.475,3,12,0.25,21,24,0.875,7,46,29,12,5,13,21,-15,2583,2771,-188,95.66666666666667,17.814814814814813,-6.962962962962963,-6,1023,1042,-19,37.888888888888886,-0.7037037037037037,-2,2301,2256,45,85.22222222222223,1.6666666666666667,-0.065,12.019,12.538,-0.5190000000000001,0.4451481481481481,-0.019222222222222227,2,135,256,-121,5.0,-4.481481481481482,9,437,711,-274,16.185185185185187,-10.148148148148149,-0.011999999999999983,8.200000000000001,9.709000000000001,-1.5090000000000001,0.30370370370370375,-0.05588888888888889,-5,402,431,-29,14.88888888888889,-1.0740740740740742,-4,523,572,-49,19.37037037037037,-1.8148148148148149,-0.07499999999999996,20.631999999999998,20.302,0.32999999999999935,0.764148148148148,0.012222222222222199,-1,286,253,33,10.592592592592593,1.2222222222222223,-7,1189,1173,16,44.03703703703704,0.5925925925925926,-3,566,641,-75,20.962962962962962,-2.7777777777777777,-5,216,256,-40,8.0,-1.4814814814814814,-3,110,145,-35,4.074074074074074,-1.2962962962962963,1,402,396,6,14.88888888888889,0.2222222222222222,-1,506,481,25,18.74074074074074,0.9259259259259259
27,27,2832,BRK,28,2015-12-21,Away,CHI,W,105,102,43,94,0.457,7,20,0.35,12,14,0.857,15,51,26,9,4,14,13,43,95,0.45299999999999996,9,26,0.34600000000000003,7,13,0.5379999999999999,15,45,32,8,8,13,15,3,2688,2873,-185,96.0,17.714285714285715,-6.607142857142857,0,1066,1085,-19,38.07142857142857,-0.6785714285714286,-1,2395,2351,44,85.53571428571429,1.5714285714285714,0.004000000000000059,12.476,12.991,-0.5150000000000001,0.4455714285714286,-0.01839285714285715,-2,142,265,-123,5.071428571428571,-4.392857142857143,-6,457,737,-280,16.321428571428573,-10.0,0.003999999999999948,8.55,10.055000000000001,-1.5050000000000001,0.3053571428571429,-0.053750000000000006,5,414,438,-24,14.785714285714286,-0.8571428571428571,1,537,585,-48,19.178571428571427,-1.7142857142857142,0.31900000000000006,21.488999999999997,20.84,0.6489999999999994,0.7674642857142856,0.023178571428571406,0,301,268,33,10.75,1.1785714285714286,6,1240,1218,22,44.285714285714285,0.7857142857142857,-6,592,673,-81,21.142857142857142,-2.892857142857143,1,225,264,-39,8.035714285714286,-1.3928571428571428,-4,114,153,-39,4.071428571428571,-1.3928571428571428,1,416,409,7,14.857142857142858,0.25,-2,519,496,23,18.535714285714285,0.8214285714285714
28,28,2932,BRK,29,2015-12-23,Home,DAL,L,118,119,51,101,0.505,10,19,0.526,6,14,0.429,15,43,32,9,4,11,17,45,82,0.5489999999999999,16,34,0.47100000000000003,13,15,0.867,5,34,27,3,4,17,18,-1,2806,2992,-186,96.75862068965517,17.724137931034484,-6.413793103448276,6,1117,1130,-13,38.51724137931034,-0.4482758620689655,19,2496,2433,63,86.06896551724138,2.1724137931034484,-0.04399999999999993,12.981000000000002,13.54,-0.559,0.4476206896551725,-0.01927586206896552,-6,152,281,-129,5.241379310344827,-4.448275862068965,-15,476,771,-295,16.413793103448278,-10.172413793103448,0.05499999999999999,9.076,10.526000000000002,-1.4500000000000002,0.31296551724137933,-0.05,-7,420,451,-31,14.482758620689655,-1.0689655172413792,-1,551,600,-49,19.0,-1.6896551724137931,-0.438,21.917999999999996,21.707,0.21099999999999935,0.7557931034482757,0.007275862068965495,10,316,273,43,10.89655172413793,1.4827586206896552,9,1283,1252,31,44.241379310344826,1.0689655172413792,5,624,700,-76,21.517241379310345,-2.6206896551724137,6,234,267,-33,8.068965517241379,-1.1379310344827587,0,118,157,-39,4.068965517241379,-1.3448275862068966,-6,427,426,1,14.724137931034482,0.034482758620689655,-1,536,514,22,18.482758620689655,0.7586206896551724
29,29,3032,BRK,30,2015-12-26,Home,WAS,L,96,111,43,89,0.483,5,17,0.294,5,16,0.313,16,50,24,8,5,19,22,42,84,0.5,12,27,0.444,15,22,0.682,7,39,32,10,5,11,20,-15,2902,3103,-201,96.73333333333333,17.8,-6.7,1,1160,1172,-12,38.666666666666664,-0.4,5,2585,2517,68,86.16666666666667,2.2666666666666666,-0.017000000000000015,13.464000000000002,14.04,-0.5760000000000001,0.4488000000000001,-0.019200000000000002,-7,157,293,-136,5.233333333333333,-4.533333333333333,-10,493,798,-305,16.433333333333334,-10.166666666666666,-0.15000000000000002,9.370000000000001,10.970000000000002,-1.6,0.31233333333333335,-0.05333333333333334,-10,425,466,-41,14.166666666666666,-1.3666666666666667,-6,567,622,-55,18.9,-1.8333333333333333,-0.36900000000000005,22.230999999999995,22.389,-0.1580000000000007,0.7410333333333331,-0.0052666666666666894,9,332,280,52,11.066666666666666,1.7333333333333334,11,1333,1291,42,44.43333333333333,1.4,-8,648,732,-84,21.6,-2.8,-2,242,277,-35,8.066666666666666,-1.1666666666666667,0,123,162,-39,4.1,-1.3,8,446,437,9,14.866666666666667,0.3,2,558,534,24,18.6,0.8
30,30,3143,BRK,31,2015-12-28,Away,MIA,W,111,105,36,82,0.439,12,23,0.522,27,36,0.75,16,50,20,8,3,13,24,36,78,0.462,10,24,0.41700000000000004,23,30,0.767,11,42,20,9,8,14,23,6,3013,3208,-195,97.19354838709677,17.967741935483872,-6.290322580645161,0,1196,1208,-12,38.58064516129032,-0.3870967741935484,4,2667,2595,72,86.03225806451613,2.3225806451612905,-0.02300000000000002,13.903000000000002,14.501999999999999,-0.5990000000000001,0.448483870967742,-0.019322580645161295,2,169,303,-134,5.451612903225806,-4.32258064516129,-1,516,822,-306,16.64516129032258,-9.870967741935484,0.10499999999999998,9.892000000000001,11.387000000000002,-1.495,0.3190967741935484,-0.04822580645161291,4,452,489,-37,14.580645161290322,-1.1935483870967742,6,603,652,-49,19.451612903225808,-1.5806451612903225,-0.017000000000000015,22.980999999999995,23.156,-0.1750000000000007,0.7413225806451611,-0.005645161290322604,5,348,291,57,11.225806451612904,1.8387096774193548,8,1383,1333,50,44.61290322580645,1.6129032258064515,0,668,752,-84,21.548387096774192,-2.7096774193548385,-1,250,286,-36,8.064516129032258,-1.1612903225806452,-5,126,170,-44,4.064516129032258,-1.4193548387096775,-1,459,451,8,14.806451612903226,0.25806451612903225,1,582,557,25,18.774193548387096,0.8064516129032258
31,31,3234,BRK,32,2015-12-30,Away,ORL,L,93,100,35,83,0.42200000000000004,3,20,0.15,20,22,0.909,11,37,23,12,6,12,18,36,82,0.439,9,26,0.34600000000000003,19,21,0.905,17,50,21,6,4,16,18,-7,3106,3308,-202,97.0625,17.96875,-6.3125,-1,1231,1244,-13,38.46875,-0.40625,1,2750,2677,73,85.9375,2.28125,-0.01699999999999996,14.325000000000003,14.940999999999999,-0.6160000000000001,0.4476562500000001,-0.019250000000000003,-6,172,312,-140,5.375,-4.375,-6,536,848,-312,16.75,-9.75,-0.19600000000000004,10.042000000000002,11.733000000000002,-1.691,0.31381250000000005,-0.05284375,1,472,508,-36,14.75,-1.125,1,625,673,-48,19.53125,-1.5,0.0040000000000000036,23.889999999999993,24.061,-0.1710000000000007,0.7465624999999998,-0.005343750000000022,-6,359,308,51,11.21875,1.59375,-13,1420,1383,37,44.375,1.15625,2,691,773,-82,21.59375,-2.5625,6,262,292,-30,8.1875,-0.9375,2,132,174,-42,4.125,-1.3125,-4,471,467,4,14.71875,0.125,0,600,575,25,18.75,0.78125
32,32,3332,BRK,33,2016-01-02,Away,BOS,W,100,97,38,93,0.409,3,18,0.16699999999999998,21,22,0.955,14,50,23,5,2,14,21,34,88,0.386,7,32,0.21899999999999997,22,28,0.7859999999999999,16,51,17,8,4,14,24,3,3206,3405,-199,97.15151515151516,18.151515151515152,-6.03030303030303,4,1269,1278,-9,38.45454545454545,-0.2727272727272727,5,2843,2765,78,86.15151515151516,2.3636363636363638,0.022999999999999965,14.734000000000004,15.326999999999998,-0.5930000000000002,0.4464848484848486,-0.017969696969696976,-4,175,319,-144,5.303030303030303,-4.363636363636363,-14,554,880,-326,16.78787878787879,-9.878787878787879,-0.05199999999999999,10.209000000000001,11.952000000000002,-1.743,0.3093636363636364,-0.05281818181818182,-1,493,530,-37,14.93939393939394,-1.121212121212121,-6,647,701,-54,19.606060606060606,-1.6363636363636365,0.16900000000000004,24.84499999999999,24.847,-0.002000000000000668,0.7528787878787876,-6.0606060606080845e-05,-2,373,324,49,11.303030303030303,1.4848484848484849,-1,1470,1434,36,44.54545454545455,1.0909090909090908,6,714,790,-76,21.636363636363637,-2.303030303030303,-3,267,300,-33,8.090909090909092,-1.0,-2,134,178,-44,4.0606060606060606,-1.3333333333333333,0,485,481,4,14.696969696969697,0.12121212121212122,-3,621,599,22,18.818181818181817,0.6666666666666666
33,33,3432,BRK,34,2016-01-04,Home,BOS,L,94,103,32,85,0.376,6,28,0.214,24,27,0.889,16,53,16,4,6,14,18,41,92,0.446,6,21,0.28600000000000003,15,19,0.789,12,48,22,10,5,7,21,-9,3300,3508,-208,97.05882352941177,18.235294117647058,-6.117647058823529,-9,1301,1319,-18,38.26470588235294,-0.5294117647058824,-7,2928,2857,71,86.11764705882354,2.088235294117647,-0.07,15.110000000000003,15.772999999999998,-0.6630000000000003,0.44441176470588245,-0.019500000000000007,0,181,325,-144,5.323529411764706,-4.235294117647059,7,582,901,-319,17.11764705882353,-9.382352941176471,-0.07200000000000004,10.423000000000002,12.238000000000001,-1.8150000000000002,0.30655882352941183,-0.05338235294117648,9,517,545,-28,15.205882352941176,-0.8235294117647058,8,674,720,-46,19.823529411764707,-1.3529411764705883,0.09999999999999998,25.73399999999999,25.636000000000003,0.09799999999999931,0.7568823529411762,0.0028823529411764505,4,389,336,53,11.441176470588236,1.5588235294117647,5,1523,1482,41,44.794117647058826,1.2058823529411764,-6,730,812,-82,21.470588235294116,-2.411764705882353,-6,271,310,-39,7.970588235294118,-1.1470588235294117,1,140,183,-43,4.117647058823529,-1.2647058823529411,7,499,488,11,14.676470588235293,0.3235294117647059,-3,639,620,19,18.794117647058822,0.5588235294117647
34,34,3532,BRK,35,2016-01-06,Home,TOR,L,74,91,31,78,0.397,5,16,0.313,7,12,0.583,6,39,18,8,4,18,18,35,80,0.43799999999999994,4,22,0.182,17,18,0.9440000000000001,12,49,16,12,7,17,15,-17,3374,3599,-225,96.4,18.142857142857142,-6.428571428571429,-4,1332,1354,-22,38.05714285714286,-0.6285714285714286,-2,3006,2937,69,85.88571428571429,1.9714285714285715,-0.040999999999999925,15.507000000000003,16.211,-0.7040000000000002,0.4430571428571429,-0.02011428571428572,1,186,329,-143,5.314285714285714,-4.085714285714285,-6,598,923,-325,17.085714285714285,-9.285714285714286,0.131,10.736000000000002,12.420000000000002,-1.6840000000000002,0.3067428571428572,-0.04811428571428572,-10,524,562,-38,14.971428571428572,-1.0857142857142856,-6,686,738,-52,19.6,-1.4857142857142858,-0.3610000000000001,26.31699999999999,26.580000000000002,-0.2630000000000008,0.7519142857142854,-0.007514285714285737,-6,395,348,47,11.285714285714286,1.3428571428571427,-10,1562,1531,31,44.628571428571426,0.8857142857142857,2,748,828,-80,21.37142857142857,-2.2857142857142856,-4,279,322,-43,7.9714285714285715,-1.2285714285714286,-3,144,190,-46,4.114285714285714,-1.3142857142857143,1,517,505,12,14.771428571428572,0.34285714285714286,3,657,635,22,18.771428571428572,0.6285714285714286
35,35,3632,BRK,36,2016-01-08,Home,ORL,L,77,83,29,73,0.397,7,22,0.318,12,20,0.6,10,41,17,4,2,15,14,33,83,0.39799999999999996,13,28,0.46399999999999997,4,6,0.667,13,49,25,7,4,14,22,-6,3451,3682,-231,95.86111111111111,18.25,-6.416666666666667,-4,1361,1387,-26,37.80555555555556,-0.7222222222222222,-10,3079,3020,59,85.52777777777777,1.6388888888888888,-0.0009999999999999454,15.904000000000003,16.608999999999998,-0.7050000000000001,0.4417777777777779,-0.019583333333333335,-6,193,342,-149,5.361111111111111,-4.138888888888889,-6,620,951,-331,17.22222222222222,-9.194444444444445,-0.14599999999999996,11.054000000000002,12.884000000000002,-1.83,0.30705555555555564,-0.050833333333333335,8,536,566,-30,14.88888888888889,-0.8333333333333334,14,706,744,-38,19.61111111111111,-1.0555555555555556,-0.06700000000000006,26.91699999999999,27.247000000000003,-0.33000000000000085,0.7476944444444442,-0.009166666666666691,-3,405,361,44,11.25,1.2222222222222223,-8,1603,1580,23,44.52777777777778,0.6388888888888888,-8,765,853,-88,21.25,-2.4444444444444446,-3,283,329,-46,7.861111111111111,-1.2777777777777777,-2,146,194,-48,4.055555555555555,-1.3333333333333333,1,532,519,13,14.777777777777779,0.3611111111111111,-8,671,657,14,18.63888888888889,0.3888888888888889
36,36,3732,BRK,37,2016-01-09,Away,DET,L,89,103,38,82,0.46299999999999997,5,9,0.556,8,10,0.8,5,38,24,5,3,14,17,43,92,0.467,8,27,0.29600000000000004,9,14,0.643,11,47,23,10,5,9,12,-14,3540,3785,-245,95.67567567567568,18.08108108108108,-6.621621621621622,-5,1399,1430,-31,37.810810810810814,-0.8378378378378378,-10,3161,3112,49,85.43243243243244,1.3243243243243243,-0.004000000000000059,16.367000000000004,17.075999999999997,-0.7090000000000001,0.44235135135135145,-0.019162162162162166,-3,198,350,-152,5.351351351351352,-4.108108108108108,-18,629,978,-349,17.0,-9.432432432432432,0.26,11.610000000000003,13.180000000000001,-1.57,0.31378378378378385,-0.042432432432432436,-1,544,575,-31,14.702702702702704,-0.8378378378378378,-4,716,758,-42,19.35135135135135,-1.135135135135135,0.15700000000000003,27.71699999999999,27.890000000000004,-0.17300000000000082,0.7491081081081079,-0.0046756756756756975,-6,410,372,38,11.08108108108108,1.027027027027027,-9,1641,1627,14,44.351351351351354,0.3783783783783784,1,789,876,-87,21.324324324324323,-2.3513513513513513,-5,288,339,-51,7.783783783783784,-1.3783783783783783,-2,149,199,-50,4.027027027027027,-1.3513513513513513,5,546,528,18,14.756756756756756,0.4864864864864865,5,688,669,19,18.594594594594593,0.5135135135135135
37,37,3832,BRK,38,2016-01-11,Home,SAS,L,79,106,33,73,0.452,2,12,0.16699999999999998,11,13,0.846,5,30,15,5,3,15,18,44,82,0.537,4,13,0.308,14,19,0.737,10,40,27,8,4,12,15,-27,3619,3891,-272,95.23684210526316,18.0,-7.157894736842105,-11,1432,1474,-42,37.68421052631579,-1.105263157894737,-9,3234,3194,40,85.10526315789474,1.0526315789473684,-0.08500000000000002,16.819000000000006,17.612999999999996,-0.794,0.4426052631578949,-0.020894736842105265,-2,200,354,-154,5.2631578947368425,-4.052631578947368,-1,641,991,-350,16.86842105263158,-9.210526315789474,-0.14100000000000001,11.777000000000003,13.488000000000001,-1.711,0.30992105263157904,-0.045026315789473685,-3,555,589,-34,14.605263157894736,-0.8947368421052632,-6,729,777,-48,19.18421052631579,-1.263157894736842,0.10899999999999999,28.56299999999999,28.627000000000002,-0.06400000000000083,0.7516578947368419,-0.0016842105263158115,-5,415,382,33,10.921052631578947,0.868421052631579,-10,1671,1667,4,43.973684210526315,0.10526315789473684,-12,804,903,-99,21.157894736842106,-2.6052631578947367,-3,293,347,-54,7.7105263157894735,-1.4210526315789473,-1,152,203,-51,4.0,-1.3421052631578947,3,561,540,21,14.763157894736842,0.5526315789473685,3,706,684,22,18.57894736842105,0.5789473684210527
38,38,3932,BRK,39,2016-01-13,Home,NYK,W,110,104,45,86,0.523,9,17,0.529,11,14,0.7859999999999999,8,45,24,8,3,15,15,41,91,0.451,7,22,0.318,15,23,0.652,15,47,19,10,3,13,13,6,3729,3995,-266,95.61538461538461,17.871794871794872,-6.82051282051282,4,1477,1515,-38,37.87179487179487,-0.9743589743589743,-5,3320,3285,35,85.12820512820512,0.8974358974358975,0.07200000000000001,17.342000000000006,18.063999999999997,-0.722,0.4446666666666668,-0.01851282051282051,2,209,361,-152,5.358974358974359,-3.8974358974358974,-5,658,1013,-355,16.871794871794872,-9.102564102564102,0.21100000000000002,12.306000000000003,13.806000000000001,-1.5,0.3155384615384616,-0.038461538461538464,-4,566,604,-38,14.512820512820513,-0.9743589743589743,-9,743,800,-57,19.05128205128205,-1.4615384615384615,0.1339999999999999,29.348999999999993,29.279000000000003,0.06999999999999906,0.7525384615384614,0.0017948717948717708,-7,423,397,26,10.846153846153847,0.6666666666666666,-2,1716,1714,2,44.0,0.05128205128205128,5,828,922,-94,21.23076923076923,-2.41025641025641,-2,301,357,-56,7.717948717948718,-1.435897435897436,0,155,206,-51,3.9743589743589745,-1.3076923076923077,2,576,553,23,14.76923076923077,0.5897435897435898,2,721,697,24,18.487179487179485,0.6153846153846154
39,39,4032,BRK,40,2016-01-15,Home,POR,L,104,116,38,85,0.447,8,19,0.42100000000000004,20,28,0.7140000000000001,16,46,22,6,5,12,10,47,93,0.505,15,35,0.429,7,11,0.636,12,42,26,7,5,9,18,-12,3833,4111,-278,95.825,17.875,-6.95,-9,1515,1562,-47,37.875,-1.175,-8,3405,3378,27,85.125,0.675,-0.057999999999999996,17.789000000000005,18.568999999999996,-0.78,0.44472500000000015,-0.0195,-7,217,376,-159,5.425,-3.975,-16,677,1048,-371,16.925,-9.275,-0.007999999999999952,12.727000000000002,14.235000000000001,-1.508,0.31817500000000004,-0.0377,13,586,611,-25,14.65,-0.625,17,771,811,-40,19.275,-1.0,0.07800000000000007,30.06299999999999,29.915000000000003,0.14799999999999913,0.7515749999999998,0.0036999999999999785,4,439,409,30,10.975,0.75,4,1762,1756,6,44.05,0.15,-4,850,948,-98,21.25,-2.45,-1,307,364,-57,7.675,-1.425,0,160,211,-51,4.0,-1.275,3,588,562,26,14.7,0.65,-8,731,715,16,18.275,0.4
40,40,4143,BRK,41,2016-01-16,Away,ATL,L,86,114,34,78,0.436,6,20,0.3,12,19,0.632,7,36,22,5,3,17,17,44,79,0.557,8,29,0.276,18,24,0.75,5,40,34,14,5,10,20,-28,3919,4225,-306,95.58536585365853,17.926829268292682,-7.463414634146342,-10,1549,1606,-57,37.78048780487805,-1.3902439024390243,-1,3483,3457,26,84.95121951219512,0.6341463414634146,-0.12100000000000005,18.225000000000005,19.125999999999994,-0.901,0.44451219512195134,-0.021975609756097563,-2,223,384,-161,5.439024390243903,-3.926829268292683,-9,697,1077,-380,17.0,-9.268292682926829,0.023999999999999966,13.027000000000003,14.511000000000001,-1.484,0.31773170731707323,-0.03619512195121951,-6,598,629,-31,14.585365853658537,-0.7560975609756098,-5,790,835,-45,19.26829268292683,-1.0975609756097562,-0.118,30.694999999999993,30.665000000000003,0.02999999999999914,0.7486585365853657,0.0007317073170731497,2,446,414,32,10.878048780487806,0.7804878048780488,-4,1798,1796,2,43.853658536585364,0.04878048780487805,-12,872,982,-110,21.26829268292683,-2.682926829268293,-9,312,378,-66,7.609756097560975,-1.6097560975609757,-2,163,216,-53,3.975609756097561,-1.2926829268292683,7,605,572,33,14.75609756097561,0.8048780487804879,-3,748,735,13,18.24390243902439,0.3170731707317073
41,41,4234,BRK,42,2016-01-18,Away,TOR,L,100,112,39,76,0.513,5,14,0.35700000000000004,17,19,0.895,8,40,24,4,4,14,18,43,85,0.506,13,24,0.542,13,18,0.722,8,36,24,8,4,7,17,-12,4019,4337,-318,95.69047619047619,17.904761904761905,-7.571428571428571,-4,1588,1649,-61,37.80952380952381,-1.4523809523809523,-9,3559,3542,17,84.73809523809524,0.40476190476190477,0.007000000000000006,18.738000000000007,19.631999999999994,-0.894,0.4461428571428573,-0.021285714285714286,-8,228,397,-169,5.428571428571429,-4.023809523809524,-10,711,1101,-390,16.928571428571427,-9.285714285714286,-0.185,13.384000000000002,15.053,-1.669,0.3186666666666667,-0.03973809523809524,4,615,642,-27,14.642857142857142,-0.6428571428571429,1,809,853,-44,19.261904761904763,-1.0476190476190477,0.17300000000000004,31.589999999999993,31.387000000000004,0.20299999999999918,0.752142857142857,0.004833333333333314,0,454,422,32,10.80952380952381,0.7619047619047619,4,1838,1832,6,43.76190476190476,0.14285714285714285,0,896,1006,-110,21.333333333333332,-2.619047619047619,-4,316,386,-70,7.523809523809524,-1.6666666666666667,0,167,220,-53,3.9761904761904763,-1.2619047619047619,7,619,579,40,14.738095238095237,0.9523809523809523,1,766,752,14,18.238095238095237,0.3333333333333333
42,42,4332,BRK,43,2016-01-20,Home,CLE,L,78,91,35,84,0.41700000000000004,4,19,0.21100000000000002,4,8,0.5,9,39,20,4,4,12,16,36,77,0.46799999999999997,5,17,0.294,14,20,0.7,6,45,15,6,3,13,13,-13,4097,4428,-331,95.27906976744185,17.790697674418606,-7.6976744186046515,-1,1623,1685,-62,37.74418604651163,-1.441860465116279,7,3643,3619,24,84.72093023255815,0.5581395348837209,-0.050999999999999934,19.15500000000001,20.099999999999994,-0.945,0.44546511627907,-0.02197674418604651,-1,232,402,-170,5.395348837209302,-3.953488372093023,2,730,1118,-388,16.976744186046513,-9.023255813953488,-0.08299999999999996,13.595000000000002,15.347000000000001,-1.752,0.3161627906976745,-0.04074418604651163,-10,619,656,-37,14.395348837209303,-0.8604651162790697,-12,817,873,-56,19.0,-1.302325581395349,-0.19999999999999996,32.08999999999999,32.087,0.0029999999999992255,0.7462790697674416,6.97674418604471e-05,3,463,428,35,10.767441860465116,0.813953488372093,-6,1877,1877,0,43.651162790697676,0.0,5,916,1021,-105,21.302325581395348,-2.441860465116279,-2,320,392,-72,7.441860465116279,-1.6744186046511629,1,171,223,-52,3.9767441860465116,-1.2093023255813953,-1,631,592,39,14.674418604651162,0.9069767441860465,3,782,765,17,18.186046511627907,0.3953488372093023
43,43,4432,BRK,44,2016-01-22,Home,UTA,L,86,108,33,75,0.44,6,16,0.375,14,18,0.778,6,24,24,5,2,11,15,43,75,0.573,9,16,0.563,13,15,0.867,9,40,28,5,4,14,20,-22,4183,4536,-353,95.06818181818181,17.84090909090909,-8.022727272727273,-10,1656,1728,-72,37.63636363636363,-1.6363636363636365,0,3718,3694,24,84.5,0.5454545454545454,-0.13299999999999995,19.59500000000001,20.672999999999995,-1.0779999999999998,0.4453409090909093,-0.024499999999999997,-3,238,411,-173,5.409090909090909,-3.9318181818181817,0,746,1134,-388,16.954545454545453,-8.818181818181818,-0.18799999999999994,13.970000000000002,15.910000000000002,-1.94,0.31750000000000006,-0.04409090909090909,1,633,669,-36,14.386363636363637,-0.8181818181818182,3,835,888,-53,18.977272727272727,-1.2045454545454546,-0.08899999999999997,32.86799999999999,32.954,-0.08600000000000074,0.7469999999999998,-0.0019545454545454714,-3,469,437,32,10.659090909090908,0.7272727272727273,-16,1901,1917,-16,43.20454545454545,-0.36363636363636365,-4,940,1049,-109,21.363636363636363,-2.477272727272727,0,325,397,-72,7.386363636363637,-1.6363636363636365,-2,173,227,-54,3.9318181818181817,-1.2272727272727273,-3,642,606,36,14.590909090909092,0.8181818181818182,-5,797,785,12,18.113636363636363,0.2727272727272727
44,44,4532,BRK,45,2016-01-24,Home,OKC,W,116,106,45,94,0.479,8,17,0.47100000000000003,18,25,0.72,18,49,24,10,7,11,17,43,93,0.462,8,26,0.308,12,19,0.632,14,46,20,7,5,14,19,10,4299,4642,-343,95.53333333333333,17.866666666666667,-7.622222222222222,2,1701,1771,-70,37.8,-1.5555555555555556,1,3812,3787,25,84.71111111111111,0.5555555555555556,0.01699999999999996,20.07400000000001,21.134999999999994,-1.061,0.4460888888888891,-0.023577777777777777,0,246,419,-173,5.466666666666667,-3.8444444444444446,-9,763,1160,-397,16.955555555555556,-8.822222222222223,0.16300000000000003,14.441000000000003,16.218000000000004,-1.777,0.32091111111111115,-0.039488888888888886,6,651,681,-30,14.466666666666667,-0.6666666666666666,6,860,907,-47,19.11111111111111,-1.0444444444444445,0.08799999999999997,33.58799999999999,33.586,0.0019999999999992246,0.7463999999999997,4.4444444444427215e-05,4,487,451,36,10.822222222222223,0.8,3,1950,1963,-13,43.333333333333336,-0.28888888888888886,4,964,1069,-105,21.42222222222222,-2.3333333333333335,3,335,404,-69,7.444444444444445,-1.5333333333333334,2,180,232,-52,4.0,-1.1555555555555554,-3,653,620,33,14.511111111111111,0.7333333333333333,-2,814,804,10,18.08888888888889,0.2222222222222222
45,45,4632,BRK,46,2016-01-26,Home,MIA,L,98,102,36,71,0.507,9,18,0.5,17,23,0.7390000000000001,3,32,24,5,2,16,15,45,83,0.542,3,9,0.33299999999999996,9,10,0.9,5,37,27,10,4,12,20,-4,4397,4744,-347,95.58695652173913,17.91304347826087,-7.543478260869565,-9,1737,1816,-79,37.76086956521739,-1.7173913043478262,-12,3883,3870,13,84.41304347826087,0.2826086956521739,-0.03500000000000003,20.58100000000001,21.676999999999996,-1.096,0.4474130434782611,-0.02382608695652174,6,255,422,-167,5.543478260869565,-3.630434782608696,9,781,1169,-388,16.97826086956522,-8.434782608695652,0.16700000000000004,14.941000000000003,16.551000000000002,-1.6099999999999999,0.324804347826087,-0.034999999999999996,8,668,690,-22,14.521739130434783,-0.4782608695652174,13,883,917,-34,19.195652173913043,-0.7391304347826086,-0.16099999999999992,34.326999999999984,34.486,-0.1590000000000007,0.7462391304347823,-0.0034565217391304497,-2,490,456,34,10.652173913043478,0.7391304347826086,-5,1982,2000,-18,43.08695652173913,-0.391304347826087,-3,988,1096,-108,21.47826086956522,-2.347826086956522,-5,340,414,-74,7.391304347826087,-1.608695652173913,-2,182,236,-54,3.9565217391304346,-1.173913043478261,4,669,632,37,14.543478260869565,0.8043478260869565,-5,829,824,5,18.02173913043478,0.10869565217391304
46,46,4732,BRK,47,2016-01-29,Away,DAL,L,79,91,28,78,0.359,4,20,0.2,19,23,0.826,10,44,13,10,2,10,14,37,80,0.46299999999999997,8,21,0.381,9,15,0.6,10,49,22,6,5,12,17,-12,4476,4835,-359,95.23404255319149,17.893617021276597,-7.638297872340425,-9,1765,1853,-88,37.5531914893617,-1.872340425531915,-2,3961,3950,11,84.27659574468085,0.23404255319148937,-0.10399999999999998,20.940000000000012,22.139999999999997,-1.2000000000000002,0.44553191489361726,-0.025531914893617023,-4,259,430,-171,5.51063829787234,-3.6382978723404253,-1,801,1190,-389,17.04255319148936,-8.27659574468085,-0.181,15.141000000000002,16.932000000000002,-1.791,0.3221489361702128,-0.0381063829787234,10,687,699,-12,14.617021276595745,-0.2553191489361702,8,906,932,-26,19.27659574468085,-0.5531914893617021,0.22599999999999998,35.152999999999984,35.086,0.06699999999999928,0.7479361702127656,0.0014255319148936017,0,500,466,34,10.638297872340425,0.723404255319149,-5,2026,2049,-23,43.1063829787234,-0.48936170212765956,-9,1001,1118,-117,21.29787234042553,-2.4893617021276597,4,350,420,-70,7.446808510638298,-1.4893617021276595,-3,184,241,-57,3.9148936170212765,-1.2127659574468086,-2,679,644,35,14.446808510638299,0.7446808510638298,-3,843,841,2,17.93617021276596,0.0425531914893617
47,47,4832,BRK,48,2016-01-30,Away,NOP,L,103,105,40,84,0.47600000000000003,9,20,0.45,14,23,0.609,10,44,23,6,5,10,13,43,93,0.462,11,27,0.40700000000000003,8,10,0.8,14,48,24,6,6,9,17,-2,4579,4940,-361,95.39583333333333,17.875,-7.520833333333333,-3,1805,1896,-91,37.604166666666664,-1.8958333333333333,-9,4045,4043,2,84.27083333333333,0.041666666666666664,0.014000000000000012,21.41600000000001,22.601999999999997,-1.1860000000000002,0.4461666666666669,-0.024708333333333336,-2,268,441,-173,5.583333333333333,-3.6041666666666665,-7,821,1217,-396,17.104166666666668,-8.25,0.04299999999999998,15.591000000000001,17.339000000000002,-1.748,0.3248125,-0.03641666666666667,6,701,707,-6,14.604166666666666,-0.125,13,929,942,-13,19.354166666666668,-0.2708333333333333,-0.19100000000000006,35.761999999999986,35.885999999999996,-0.12400000000000078,0.7450416666666664,-0.0025833333333333494,-4,510,480,30,10.625,0.625,-4,2070,2097,-27,43.125,-0.5625,-1,1024,1142,-118,21.333333333333332,-2.4583333333333335,0,356,426,-70,7.416666666666667,-1.4583333333333333,-1,189,247,-58,3.9375,-1.2083333333333333,1,689,653,36,14.354166666666666,0.75,-4,856,858,-2,17.833333333333332,-0.041666666666666664
48,48,4932,BRK,49,2016-02-01,Home,DET,L,100,105,40,82,0.488,7,16,0.43799999999999994,13,15,0.867,7,39,28,5,4,11,15,42,98,0.429,10,30,0.33299999999999996,11,16,0.688,19,49,18,5,4,9,15,-5,4679,5045,-366,95.48979591836735,17.816326530612244,-7.469387755102041,-2,1845,1938,-93,37.6530612244898,-1.8979591836734695,-16,4127,4141,-14,84.22448979591837,-0.2857142857142857,0.059,21.90400000000001,23.030999999999995,-1.1270000000000002,0.44702040816326555,-0.023000000000000003,-3,275,451,-176,5.612244897959184,-3.5918367346938775,-14,837,1247,-410,17.081632653061224,-8.36734693877551,0.10499999999999998,16.029,17.672,-1.643,0.32712244897959186,-0.03353061224489796,2,714,718,-4,14.571428571428571,-0.08163265306122448,-1,944,958,-14,19.26530612244898,-0.2857142857142857,0.17900000000000005,36.628999999999984,36.574,0.05499999999999927,0.7475306122448976,0.0011224489795918218,-12,517,499,18,10.551020408163266,0.3673469387755102,-10,2109,2146,-37,43.04081632653061,-0.7551020408163265,10,1052,1160,-108,21.46938775510204,-2.204081632653061,0,361,431,-70,7.36734693877551,-1.4285714285714286,0,193,251,-58,3.938775510204082,-1.183673469387755,2,700,662,38,14.285714285714286,0.7755102040816326,0,871,873,-2,17.775510204081634,-0.04081632653061224
49,49,5032,BRK,50,2016-02-03,Home,IND,L,100,114,36,81,0.444,7,23,0.304,21,31,0.677,9,40,25,5,2,16,20,44,88,0.5,12,24,0.5,14,17,0.8240000000000001,10,44,23,11,5,15,20,-14,4779,5159,-380,95.58,17.86,-7.6,-8,1881,1982,-101,37.62,-2.02,-7,4208,4229,-21,84.16,-0.42,-0.055999999999999994,22.34800000000001,23.530999999999995,-1.1830000000000003,0.4469600000000002,-0.023660000000000004,-5,282,463,-181,5.64,-3.62,-1,860,1271,-411,17.2,-8.22,-0.196,16.333,18.172,-1.839,0.32665999999999995,-0.03678,7,735,732,3,14.7,0.06,14,975,975,0,19.5,0.0,-0.14700000000000002,37.30599999999998,37.397999999999996,-0.09200000000000075,0.7461199999999997,-0.001840000000000015,-1,526,509,17,10.52,0.34,-4,2149,2190,-41,42.98,-0.82,2,1077,1183,-106,21.54,-2.12,-6,366,442,-76,7.32,-1.52,-3,195,256,-61,3.9,-1.22,1,716,677,39,14.32,0.78,0,891,893,-2,17.82,-0.04
50,50,5143,BRK,51,2016-02-05,Home,SAC,W,128,119,48,86,0.5579999999999999,18,28,0.643,14,15,0.9329999999999999,11,46,29,5,4,21,20,45,89,0.506,8,26,0.308,21,22,0.955,5,31,30,15,3,11,19,9,4907,5278,-371,96.2156862745098,17.88235294117647,-7.2745098039215685,3,1929,2027,-98,37.8235294117647,-1.9215686274509804,-3,4294,4318,-24,84.19607843137256,-0.47058823529411764,0.051999999999999935,22.90600000000001,24.036999999999995,-1.1310000000000002,0.449137254901961,-0.022176470588235297,10,300,471,-171,5.882352941176471,-3.3529411764705883,2,888,1297,-409,17.41176470588235,-8.019607843137255,0.335,16.976,18.48,-1.504,0.3328627450980392,-0.029490196078431372,-7,749,753,-4,14.686274509803921,-0.0784313725490196,-7,990,997,-7,19.41176470588235,-0.13725490196078433,-0.02200000000000002,38.23899999999998,38.352999999999994,-0.11400000000000077,0.7497843137254898,-0.002235294117647074,6,537,514,23,10.529411764705882,0.45098039215686275,15,2195,2221,-26,43.03921568627451,-0.5098039215686274,-1,1106,1213,-107,21.686274509803923,-2.0980392156862746,-10,371,457,-86,7.2745098039215685,-1.6862745098039216,1,199,259,-60,3.9019607843137254,-1.1764705882352942,10,737,688,49,14.450980392156863,0.9607843137254902,1,911,912,-1,17.862745098039216,-0.0196078431372549
51,51,5234,BRK,52,2016-02-06,Away,PHI,L,98,103,35,76,0.461,5,15,0.33299999999999996,23,26,0.885,9,36,19,5,5,19,17,38,81,0.469,10,29,0.345,17,22,0.773,13,42,17,12,8,14,21,-5,5005,5381,-376,96.25,17.942307692307693,-7.230769230769231,-3,1964,2065,-101,37.76923076923077,-1.9423076923076923,-5,4370,4399,-29,84.03846153846153,-0.5576923076923077,-0.007999999999999952,23.367000000000008,24.505999999999997,-1.1390000000000002,0.4493653846153848,-0.02190384615384616,-5,305,481,-176,5.865384615384615,-3.3846153846153846,-14,903,1326,-423,17.365384615384617,-8.134615384615385,-0.01200000000000001,17.308999999999997,18.825,-1.516,0.33286538461538456,-0.029153846153846155,6,772,770,2,14.846153846153847,0.038461538461538464,4,1016,1019,-3,19.53846153846154,-0.057692307692307696,0.11199999999999999,39.12399999999998,39.126,-0.002000000000000779,0.752384615384615,-3.846153846155344e-05,-4,546,527,19,10.5,0.36538461538461536,-6,2231,2263,-32,42.90384615384615,-0.6153846153846154,2,1125,1230,-105,21.634615384615383,-2.019230769230769,-7,376,469,-93,7.230769230769231,-1.7884615384615385,-3,204,267,-63,3.923076923076923,-1.2115384615384615,5,756,702,54,14.538461538461538,1.0384615384615385,-4,928,933,-5,17.846153846153847,-0.09615384615384616
52,52,5332,BRK,53,2016-02-08,Home,DEN,W,105,104,42,81,0.519,9,19,0.474,12,15,0.8,8,39,23,6,6,15,11,42,90,0.467,9,25,0.36,11,13,0.846,12,42,24,10,2,12,16,1,5110,5485,-375,96.41509433962264,17.90566037735849,-7.0754716981132075,0,2006,2107,-101,37.84905660377358,-1.9056603773584906,-9,4451,4489,-38,83.98113207547169,-0.7169811320754716,0.05199999999999999,23.886000000000006,24.972999999999995,-1.0870000000000002,0.450679245283019,-0.020509433962264154,0,314,490,-176,5.9245283018867925,-3.3207547169811322,-6,922,1351,-429,17.39622641509434,-8.09433962264151,0.11399999999999999,17.782999999999998,19.185,-1.4020000000000001,0.3355283018867924,-0.02645283018867925,1,784,781,3,14.79245283018868,0.05660377358490566,2,1031,1032,-1,19.452830188679247,-0.018867924528301886,-0.04599999999999993,39.92399999999998,39.971999999999994,-0.04800000000000071,0.7532830188679241,-0.0009056603773585039,-4,554,539,15,10.452830188679245,0.2830188679245283,-3,2270,2305,-35,42.83018867924528,-0.660377358490566,-1,1148,1254,-106,21.660377358490567,-2.0,-4,382,479,-97,7.2075471698113205,-1.830188679245283,4,210,269,-59,3.9622641509433962,-1.1132075471698113,3,771,714,57,14.547169811320755,1.0754716981132075,-5,939,949,-10,17.71698113207547,-0.18867924528301888
53,53,5432,BRK,54,2016-02-10,Home,MEM,L,90,109,33,71,0.465,11,22,0.5,13,19,0.684,8,35,25,4,2,20,12,45,86,0.523,9,20,0.45,10,12,0.833,10,35,26,15,2,10,18,-19,5200,5594,-394,96.29629629629629,17.90740740740741,-7.296296296296297,-12,2039,2152,-113,37.75925925925926,-2.0925925925925926,-15,4522,4575,-53,83.74074074074075,-0.9814814814814815,-0.057999999999999996,24.351000000000006,25.495999999999995,-1.1450000000000002,0.45094444444444454,-0.021203703703703707,2,325,499,-174,6.018518518518518,-3.2222222222222223,2,944,1371,-427,17.48148148148148,-7.907407407407407,0.04999999999999999,18.282999999999998,19.634999999999998,-1.352,0.338574074074074,-0.025037037037037038,3,797,791,6,14.75925925925926,0.1111111111111111,7,1050,1044,6,19.444444444444443,0.1111111111111111,-0.1489999999999999,40.607999999999976,40.80499999999999,-0.19700000000000062,0.7519999999999996,-0.0036481481481481595,-2,562,549,13,10.407407407407407,0.24074074074074073,0,2305,2340,-35,42.68518518518518,-0.6481481481481481,-1,1173,1280,-107,21.72222222222222,-1.9814814814814814,-11,386,494,-108,7.148148148148148,-2.0,0,212,271,-59,3.925925925925926,-1.0925925925925926,10,791,724,67,14.648148148148149,1.2407407407407407,-6,951,967,-16,17.61111111111111,-0.2962962962962963
54,54,5532,BRK,55,2016-02-19,Home,NYK,W,109,98,42,86,0.488,8,17,0.47100000000000003,17,20,0.85,7,42,26,14,6,7,17,36,82,0.439,10,26,0.385,16,18,0.889,8,44,20,6,6,16,17,11,5309,5692,-383,96.52727272727273,17.89090909090909,-6.963636363636364,6,2081,2188,-107,37.836363636363636,-1.9454545454545455,4,4608,4657,-49,83.78181818181818,-0.8909090909090909,0.04899999999999999,24.839000000000006,25.934999999999995,-1.0960000000000003,0.4516181818181819,-0.019927272727272734,-2,333,509,-176,6.054545454545455,-3.2,-9,961,1397,-436,17.472727272727273,-7.927272727272728,0.08600000000000002,18.753999999999998,20.02,-1.266,0.34098181818181816,-0.02301818181818182,1,814,807,7,14.8,0.12727272727272726,2,1070,1062,8,19.454545454545453,0.14545454545454545,-0.039000000000000035,41.45799999999998,41.693999999999996,-0.23600000000000065,0.7537818181818178,-0.004290909090909103,-1,569,557,12,10.345454545454546,0.21818181818181817,-2,2347,2384,-37,42.67272727272727,-0.6727272727272727,6,1199,1300,-101,21.8,-1.8363636363636364,8,400,500,-100,7.2727272727272725,-1.8181818181818181,0,218,277,-59,3.963636363636364,-1.0727272727272728,-9,798,740,58,14.50909090909091,1.0545454545454545,0,968,984,-16,17.6,-0.2909090909090909
55,55,5632,BRK,56,2016-02-21,Home,CHO,L,96,104,35,81,0.4320000000000001,5,22,0.22699999999999998,21,24,0.875,9,42,23,8,4,14,15,40,79,0.506,10,27,0.37,14,15,0.9329999999999999,6,41,23,7,1,15,21,-8,5405,5796,-391,96.51785714285714,17.946428571428573,-6.982142857142857,-5,2116,2228,-112,37.785714285714285,-2.0,2,4689,4736,-47,83.73214285714286,-0.8392857142857143,-0.0739999999999999,25.271000000000004,26.440999999999995,-1.1700000000000002,0.4512678571428572,-0.020892857142857147,-5,338,519,-181,6.035714285714286,-3.232142857142857,-5,983,1424,-441,17.553571428571427,-7.875,-0.14300000000000002,18.980999999999998,20.39,-1.409,0.33894642857142854,-0.025160714285714286,7,835,821,14,14.910714285714286,0.25,9,1094,1077,17,19.535714285714285,0.30357142857142855,-0.05799999999999994,42.33299999999998,42.626999999999995,-0.2940000000000006,0.7559464285714281,-0.005250000000000011,3,578,563,15,10.321428571428571,0.26785714285714285,1,2389,2425,-36,42.660714285714285,-0.6428571428571429,0,1222,1323,-101,21.821428571428573,-1.8035714285714286,1,408,507,-99,7.285714285714286,-1.7678571428571428,3,222,278,-56,3.9642857142857144,-1.0,-1,812,755,57,14.5,1.0178571428571428,-6,983,1005,-22,17.553571428571427,-0.39285714285714285
56,56,5732,BRK,57,2016-02-23,Away,POR,L,104,112,43,90,0.478,3,12,0.25,15,19,0.789,12,47,18,10,2,13,20,40,80,0.5,10,23,0.435,22,25,0.88,7,40,24,6,6,15,18,-8,5509,5908,-399,96.64912280701755,17.94736842105263,-7.0,3,2159,2268,-109,37.87719298245614,-1.912280701754386,10,4779,4816,-37,83.84210526315789,-0.6491228070175439,-0.02200000000000002,25.749000000000006,26.940999999999995,-1.1920000000000002,0.45173684210526327,-0.02091228070175439,-7,341,529,-188,5.982456140350878,-3.2982456140350878,-11,995,1447,-452,17.45614035087719,-7.9298245614035086,-0.185,19.230999999999998,20.825,-1.594,0.3373859649122807,-0.027964912280701755,-7,850,843,7,14.912280701754385,0.12280701754385964,-6,1113,1102,11,19.526315789473685,0.19298245614035087,-0.09099999999999997,43.12199999999998,43.507,-0.38500000000000056,0.7565263157894733,-0.006754385964912291,5,590,570,20,10.350877192982455,0.3508771929824561,7,2436,2465,-29,42.73684210526316,-0.5087719298245614,-6,1240,1347,-107,21.75438596491228,-1.8771929824561404,4,418,513,-95,7.333333333333333,-1.6666666666666667,-4,224,284,-60,3.9298245614035086,-1.0526315789473684,-2,825,770,55,14.473684210526315,0.9649122807017544,2,1003,1023,-20,17.596491228070175,-0.3508771929824561
57,57,5832,BRK,58,2016-02-25,Away,PHO,W,116,106,37,75,0.493,8,18,0.444,34,42,0.81,9,42,21,12,8,17,22,42,98,0.429,9,27,0.33299999999999996,13,23,0.565,21,50,16,10,4,20,29,10,5625,6014,-389,96.98275862068965,18.137931034482758,-6.706896551724138,-5,2196,2310,-114,37.86206896551724,-1.9655172413793103,-23,4854,4914,-60,83.6896551724138,-1.0344827586206897,0.064,26.242000000000004,27.369999999999994,-1.1280000000000001,0.45244827586206904,-0.019448275862068966,-1,349,538,-189,6.017241379310345,-3.2586206896551726,-9,1013,1474,-461,17.46551724137931,-7.948275862068965,0.11100000000000004,19.674999999999997,21.157999999999998,-1.483,0.33922413793103445,-0.02556896551724138,21,884,856,28,15.241379310344827,0.4827586206896552,19,1155,1125,30,19.913793103448278,0.5172413793103449,0.2450000000000001,43.93199999999998,44.071999999999996,-0.14000000000000046,0.7574482758620686,-0.002413793103448284,-12,599,591,8,10.327586206896552,0.13793103448275862,-8,2478,2515,-37,42.724137931034484,-0.6379310344827587,5,1261,1363,-102,21.74137931034483,-1.7586206896551724,2,430,523,-93,7.413793103448276,-1.603448275862069,4,232,288,-56,4.0,-0.9655172413793104,-3,842,790,52,14.517241379310345,0.896551724137931,-7,1025,1052,-27,17.67241379310345,-0.46551724137931033
58,58,5932,BRK,59,2016-02-27,Away,UTA,W,98,96,40,84,0.47600000000000003,7,15,0.467,11,17,0.647,8,45,23,12,2,19,21,37,89,0.41600000000000004,5,20,0.25,17,25,0.68,16,48,14,11,9,21,19,2,5723,6110,-387,97.0,18.152542372881356,-6.559322033898305,3,2236,2347,-111,37.898305084745765,-1.88135593220339,-5,4938,5003,-65,83.69491525423729,-1.1016949152542372,0.06,26.718000000000004,27.785999999999994,-1.068,0.4528474576271187,-0.01810169491525424,2,356,543,-187,6.033898305084746,-3.169491525423729,-5,1028,1494,-466,17.423728813559322,-7.898305084745763,0.21700000000000003,20.141999999999996,21.407999999999998,-1.266,0.3413898305084745,-0.021457627118644067,-6,895,873,22,15.169491525423728,0.3728813559322034,-8,1172,1150,22,19.864406779661017,0.3728813559322034,-0.03300000000000003,44.57899999999998,44.751999999999995,-0.1730000000000005,0.7555762711864403,-0.002932203389830517,-8,607,607,0,10.288135593220339,0.0,-3,2523,2563,-40,42.76271186440678,-0.6779661016949152,9,1284,1377,-93,21.76271186440678,-1.576271186440678,1,442,534,-92,7.491525423728813,-1.5593220338983051,-7,234,297,-63,3.9661016949152543,-1.0677966101694916,-2,861,811,50,14.59322033898305,0.847457627118644,2,1046,1071,-25,17.728813559322035,-0.423728813559322
59,59,6032,BRK,60,2016-02-29,Away,LAC,L,95,105,32,77,0.41600000000000004,8,19,0.42100000000000004,23,33,0.6970000000000001,11,44,25,10,3,13,19,41,83,0.494,9,23,0.391,14,16,0.875,8,47,22,8,4,11,22,-10,5818,6215,-397,96.96666666666667,18.216666666666665,-6.616666666666666,-9,2268,2388,-120,37.8,-2.0,-6,5015,5086,-71,83.58333333333333,-1.1833333333333333,-0.07799999999999996,27.134000000000004,28.279999999999994,-1.146,0.4522333333333334,-0.0191,-1,364,552,-188,6.066666666666666,-3.1333333333333333,-4,1047,1517,-470,17.45,-7.833333333333333,0.030000000000000027,20.562999999999995,21.799,-1.236,0.3427166666666666,-0.0206,9,918,887,31,15.3,0.5166666666666667,17,1205,1166,39,20.083333333333332,0.65,-0.17799999999999994,45.27599999999998,45.626999999999995,-0.3510000000000004,0.7545999999999997,-0.005850000000000007,3,618,615,3,10.3,0.05,-3,2567,2610,-43,42.78333333333333,-0.7166666666666667,3,1309,1399,-90,21.816666666666666,-1.5,2,452,542,-90,7.533333333333333,-1.5,-1,237,301,-64,3.95,-1.0666666666666667,2,874,822,52,14.566666666666666,0.8666666666666667,-3,1065,1093,-28,17.75,-0.4666666666666667
60,60,6143,BRK,61,2016-03-01,Away,LAL,L,101,107,39,89,0.43799999999999994,5,18,0.278,18,27,0.667,11,44,28,8,4,7,19,41,83,0.494,11,26,0.423,14,21,0.667,8,46,22,5,4,13,22,-6,5919,6322,-403,97.0327868852459,18.278688524590162,-6.60655737704918,-2,2307,2429,-122,37.81967213114754,-2.0,6,5104,5169,-65,83.67213114754098,-1.0655737704918034,-0.05600000000000005,27.572000000000003,28.773999999999994,-1.202,0.45200000000000007,-0.019704918032786886,-6,369,563,-194,6.049180327868853,-3.180327868852459,-8,1065,1543,-478,17.459016393442624,-7.836065573770492,-0.14499999999999996,20.840999999999994,22.221999999999998,-1.381,0.3416557377049179,-0.022639344262295084,4,936,901,35,15.344262295081966,0.5737704918032787,6,1232,1187,45,20.19672131147541,0.7377049180327869,0.0,45.942999999999984,46.294,-0.3510000000000004,0.7531639344262292,-0.005754098360655745,3,629,623,6,10.311475409836065,0.09836065573770492,-2,2611,2656,-45,42.80327868852459,-0.7377049180327869,6,1337,1421,-84,21.918032786885245,-1.3770491803278688,3,460,547,-87,7.540983606557377,-1.4262295081967213,0,241,305,-64,3.9508196721311477,-1.0491803278688525,-6,881,835,46,14.442622950819672,0.7540983606557377,-3,1084,1115,-31,17.770491803278688,-0.5081967213114754
61,61,6234,BRK,62,2016-03-04,Away,DEN,W,121,120,46,91,0.505,13,22,0.591,16,21,0.762,8,34,32,5,4,13,21,46,96,0.479,6,26,0.231,22,25,0.88,17,50,28,8,6,15,20,1,6040,6442,-402,97.41935483870968,18.306451612903224,-6.483870967741935,0,2353,2475,-122,37.95161290322581,-1.967741935483871,-5,5195,5265,-70,83.79032258064517,-1.1290322580645162,0.026000000000000023,28.077,29.252999999999993,-1.176,0.45285483870967747,-0.01896774193548387,7,382,569,-187,6.161290322580645,-3.0161290322580645,-4,1087,1569,-482,17.532258064516128,-7.774193548387097,0.36,21.431999999999995,22.453,-1.021,0.34567741935483864,-0.01646774193548387,-6,952,923,29,15.35483870967742,0.46774193548387094,-4,1253,1212,41,20.20967741935484,0.6612903225806451,-0.118,46.704999999999984,47.174,-0.4690000000000004,0.753306451612903,-0.007564516129032265,-9,637,640,-3,10.274193548387096,-0.04838709677419355,-16,2645,2706,-61,42.66129032258065,-0.9838709677419355,4,1369,1449,-80,22.080645161290324,-1.2903225806451613,-3,465,555,-90,7.5,-1.4516129032258065,-2,245,311,-66,3.9516129032258065,-1.064516129032258,-2,894,850,44,14.419354838709678,0.7096774193548387,1,1105,1135,-30,17.822580645161292,-0.4838709677419355
62,62,6332,BRK,63,2016-03-05,Away,MIN,L,118,132,45,92,0.489,9,26,0.34600000000000003,19,26,0.731,17,37,19,7,4,15,21,52,76,0.684,10,18,0.556,18,22,0.818,4,30,36,8,8,12,26,-14,6158,6574,-416,97.74603174603175,18.428571428571427,-6.603174603174603,-7,2398,2527,-129,38.06349206349206,-2.0476190476190474,16,5287,5341,-54,83.92063492063492,-0.8571428571428571,-0.19500000000000006,28.566000000000003,29.936999999999994,-1.371,0.45342857142857146,-0.021761904761904764,-1,391,579,-188,6.2063492063492065,-2.984126984126984,8,1113,1587,-474,17.666666666666668,-7.523809523809524,-0.21000000000000002,21.777999999999995,23.009,-1.2309999999999999,0.3456825396825396,-0.019539682539682537,1,971,941,30,15.412698412698413,0.47619047619047616,4,1279,1234,45,20.3015873015873,0.7142857142857143,-0.08699999999999997,47.435999999999986,47.992,-0.5560000000000004,0.7529523809523807,-0.008825396825396832,13,654,644,10,10.380952380952381,0.15873015873015872,7,2682,2736,-54,42.57142857142857,-0.8571428571428571,-17,1388,1485,-97,22.03174603174603,-1.5396825396825398,-1,472,563,-91,7.492063492063492,-1.4444444444444444,-4,249,319,-70,3.9523809523809526,-1.1111111111111112,3,909,862,47,14.428571428571429,0.746031746031746,-5,1126,1161,-35,17.873015873015873,-0.5555555555555556
63,63,6432,BRK,64,2016-03-08,Away,TOR,L,99,104,42,82,0.512,6,12,0.5,9,9,1.0,6,29,23,7,8,15,22,37,78,0.474,10,23,0.435,20,25,0.8,12,40,24,9,7,16,15,-5,6257,6678,-421,97.765625,18.375,-6.578125,5,2440,2564,-124,38.125,-1.9375,4,5369,5419,-50,83.890625,-0.78125,0.038000000000000034,29.078000000000003,30.410999999999994,-1.333,0.45434375000000005,-0.020828125,-4,397,589,-192,6.203125,-3.0,-11,1125,1610,-485,17.578125,-7.578125,0.065,22.277999999999995,23.444,-1.166,0.3480937499999999,-0.01821875,-11,980,961,19,15.3125,0.296875,-16,1288,1259,29,20.125,0.453125,0.19999999999999996,48.435999999999986,48.791999999999994,-0.3560000000000004,0.7568124999999998,-0.005562500000000007,-6,660,656,4,10.3125,0.0625,-11,2711,2776,-65,42.359375,-1.015625,-1,1411,1509,-98,22.046875,-1.53125,-2,479,572,-93,7.484375,-1.453125,1,257,326,-69,4.015625,-1.078125,-1,924,878,46,14.4375,0.71875,7,1148,1176,-28,17.9375,-0.4375
64,64,6532,BRK,65,2016-03-11,Away,PHI,L,89,95,33,87,0.379,5,17,0.294,18,22,0.818,11,41,22,8,4,12,14,38,84,0.452,9,28,0.321,10,15,0.667,11,49,25,5,6,16,20,-6,6346,6773,-427,97.63076923076923,18.4,-6.569230769230769,-5,2473,2602,-129,38.04615384615385,-1.9846153846153847,3,5456,5503,-47,83.93846153846154,-0.7230769230769231,-0.07300000000000001,29.457000000000004,30.862999999999996,-1.406,0.45318461538461546,-0.02163076923076923,-4,402,598,-196,6.184615384615385,-3.0153846153846153,-11,1142,1638,-496,17.56923076923077,-7.630769230769231,-0.027000000000000024,22.571999999999996,23.765,-1.193,0.3472615384615384,-0.018353846153846155,8,998,971,27,15.353846153846154,0.4153846153846154,7,1310,1274,36,20.153846153846153,0.5538461538461539,0.1509999999999999,49.253999999999984,49.458999999999996,-0.20500000000000052,0.7577538461538459,-0.0031538461538461616,0,671,667,4,10.323076923076924,0.06153846153846154,-8,2752,2825,-73,42.33846153846154,-1.123076923076923,-3,1433,1534,-101,22.046153846153846,-1.5538461538461539,3,487,577,-90,7.492307692307692,-1.3846153846153846,-2,261,332,-71,4.015384615384615,-1.0923076923076922,-4,936,894,42,14.4,0.6461538461538462,-6,1162,1196,-34,17.876923076923077,-0.5230769230769231
65,65,6632,BRK,66,2016-03-13,Home,MIL,L,100,109,39,70,0.557,12,27,0.444,10,13,0.769,3,31,25,3,6,20,18,45,89,0.506,6,14,0.429,13,21,0.619,15,41,27,13,3,9,12,-9,6446,6882,-436,97.66666666666667,18.303030303030305,-6.606060606060606,-6,2512,2647,-135,38.06060606060606,-2.0454545454545454,-19,5526,5592,-66,83.72727272727273,-1.0,0.051000000000000045,30.014000000000003,31.368999999999996,-1.355,0.4547575757575758,-0.02053030303030303,6,414,604,-190,6.2727272727272725,-2.878787878787879,13,1169,1652,-483,17.71212121212121,-7.318181818181818,0.015000000000000013,23.015999999999995,24.194,-1.178,0.34872727272727266,-0.017848484848484846,-3,1008,984,24,15.272727272727273,0.36363636363636365,-8,1323,1295,28,20.045454545454547,0.42424242424242425,0.15000000000000002,50.02299999999998,50.077999999999996,-0.05500000000000049,0.7579242424242422,-0.0008333333333333408,-12,674,682,-8,10.212121212121213,-0.12121212121212122,-10,2783,2866,-83,42.166666666666664,-1.2575757575757576,-2,1458,1561,-103,22.09090909090909,-1.5606060606060606,-10,490,590,-100,7.424242424242424,-1.5151515151515151,3,267,335,-68,4.045454545454546,-1.0303030303030303,11,956,903,53,14.484848484848484,0.803030303030303,6,1180,1208,-28,17.87878787878788,-0.42424242424242425
66,66,6732,BRK,67,2016-03-15,Home,PHI,W,131,114,47,90,0.522,10,24,0.41700000000000004,27,31,0.871,14,52,23,12,3,12,20,41,88,0.466,11,30,0.3670000000000001,21,26,0.8079999999999999,9,34,26,6,4,17,21,17,6577,6996,-419,98.16417910447761,18.34328358208955,-6.253731343283582,6,2559,2688,-129,38.19402985074627,-1.9253731343283582,2,5616,5680,-64,83.82089552238806,-0.9552238805970149,0.055999999999999994,30.536,31.834999999999997,-1.299,0.45576119402985077,-0.019388059701492537,-1,424,615,-191,6.3283582089552235,-2.8507462686567164,-6,1193,1682,-489,17.80597014925373,-7.298507462686567,0.04999999999999993,23.432999999999996,24.561,-1.1280000000000001,0.3497462686567164,-0.01683582089552239,6,1035,1005,30,15.447761194029852,0.44776119402985076,5,1354,1321,33,20.208955223880597,0.4925373134328358,0.06300000000000006,50.893999999999984,50.885999999999996,0.007999999999999563,0.7596119402985072,0.00011940298507462034,5,688,691,-3,10.26865671641791,-0.04477611940298507,18,2835,2900,-65,42.3134328358209,-0.9701492537313433,-3,1481,1587,-106,22.104477611940297,-1.5820895522388059,6,502,596,-94,7.492537313432836,-1.4029850746268657,-1,270,339,-69,4.029850746268656,-1.0298507462686568,-5,968,920,48,14.447761194029852,0.7164179104477612,-1,1200,1229,-29,17.91044776119403,-0.43283582089552236
67,67,6832,BRK,68,2016-03-17,Away,CHI,L,102,118,40,86,0.465,6,21,0.28600000000000003,16,20,0.8,12,39,22,7,3,9,18,46,94,0.489,11,24,0.45799999999999996,15,15,1.0,16,50,26,6,8,9,16,-16,6679,7114,-435,98.22058823529412,18.308823529411764,-6.397058823529412,-6,2599,2734,-135,38.220588235294116,-1.9852941176470589,-8,5702,5774,-72,83.8529411764706,-1.0588235294117647,-0.023999999999999966,31.001,32.324,-1.323,0.45589705882352943,-0.019455882352941177,-5,430,626,-196,6.323529411764706,-2.8823529411764706,-3,1214,1706,-492,17.852941176470587,-7.235294117647059,-0.17199999999999993,23.718999999999998,25.019,-1.3,0.3488088235294117,-0.01911764705882353,1,1051,1020,31,15.455882352941176,0.45588235294117646,5,1374,1336,38,20.205882352941178,0.5588235294117647,-0.19999999999999996,51.69399999999998,51.885999999999996,-0.1920000000000004,0.760205882352941,-0.0028235294117647117,-4,700,707,-7,10.294117647058824,-0.10294117647058823,-11,2874,2950,-76,42.26470588235294,-1.1176470588235294,-4,1503,1613,-110,22.102941176470587,-1.6176470588235294,1,509,602,-93,7.485294117647059,-1.3676470588235294,-5,273,347,-74,4.014705882352941,-1.088235294117647,0,977,929,48,14.367647058823529,0.7058823529411765,2,1218,1245,-27,17.91176470588235,-0.39705882352941174
68,68,6932,BRK,69,2016-03-19,Away,DET,L,103,115,42,80,0.525,5,14,0.35700000000000004,14,21,0.667,6,40,24,3,5,9,22,46,94,0.489,10,24,0.41700000000000004,13,21,0.619,15,45,30,5,4,6,17,-12,6782,7229,-447,98.28985507246377,18.28985507246377,-6.478260869565218,-4,2641,2780,-139,38.27536231884058,-2.0144927536231885,-14,5782,5868,-86,83.79710144927536,-1.2463768115942029,0.03600000000000003,31.526,32.812999999999995,-1.287,0.4568985507246377,-0.01865217391304348,-5,435,636,-201,6.304347826086956,-2.9130434782608696,-10,1228,1730,-502,17.797101449275363,-7.27536231884058,-0.06,24.075999999999997,25.436,-1.36,0.348927536231884,-0.019710144927536234,1,1065,1033,32,15.434782608695652,0.463768115942029,0,1395,1357,38,20.217391304347824,0.5507246376811594,0.04800000000000004,52.36099999999998,52.504999999999995,-0.14400000000000035,0.7588550724637678,-0.0020869565217391355,-9,706,722,-16,10.231884057971014,-0.2318840579710145,-5,2914,2995,-81,42.231884057971016,-1.173913043478261,-6,1527,1643,-116,22.130434782608695,-1.681159420289855,-2,512,607,-95,7.420289855072464,-1.3768115942028984,1,278,351,-73,4.028985507246377,-1.0579710144927537,3,986,935,51,14.289855072463768,0.7391304347826086,5,1240,1262,-22,17.971014492753625,-0.3188405797101449
69,69,7032,BRK,70,2016-03-22,Home,CHO,L,100,105,34,74,0.45899999999999996,8,18,0.444,24,27,0.889,6,44,21,4,2,16,24,39,82,0.47600000000000003,10,28,0.35700000000000004,17,21,0.81,3,36,21,7,5,8,21,-5,6882,7334,-452,98.31428571428572,18.32857142857143,-6.457142857142857,-5,2675,2819,-144,38.214285714285715,-2.057142857142857,-8,5856,5950,-94,83.65714285714286,-1.3428571428571427,-0.01700000000000007,31.985,33.288999999999994,-1.304,0.4569285714285714,-0.01862857142857143,-2,443,646,-203,6.328571428571428,-2.9,-10,1246,1758,-512,17.8,-7.314285714285714,0.08699999999999997,24.519999999999996,25.793,-1.2730000000000001,0.35028571428571426,-0.018185714285714288,7,1089,1050,39,15.557142857142857,0.5571428571428572,6,1422,1378,44,20.314285714285713,0.6285714285714286,0.07899999999999996,53.249999999999986,53.315,-0.06500000000000039,0.7607142857142856,-0.0009285714285714342,3,712,725,-13,10.17142857142857,-0.18571428571428572,8,2958,3031,-73,42.25714285714286,-1.042857142857143,0,1548,1664,-116,22.114285714285714,-1.6571428571428573,-3,516,614,-98,7.371428571428571,-1.4,-3,280,356,-76,4.0,-1.0857142857142856,8,1002,943,59,14.314285714285715,0.8428571428571429,3,1264,1283,-19,18.057142857142857,-0.2714285714285714
70,70,7143,BRK,71,2016-03-24,Home,CLE,W,104,95,41,89,0.461,8,22,0.364,14,19,0.737,10,46,28,10,5,9,16,39,89,0.43799999999999994,10,38,0.263,7,9,0.778,11,45,22,3,2,14,20,9,6986,7429,-443,98.3943661971831,18.35211267605634,-6.23943661971831,2,2716,2858,-142,38.25352112676056,-2.0,0,5945,6039,-94,83.73239436619718,-1.323943661971831,0.023000000000000076,32.446,33.727,-1.281,0.4569859154929577,-0.01804225352112676,-2,451,656,-205,6.352112676056338,-2.887323943661972,-16,1268,1796,-528,17.859154929577464,-7.436619718309859,0.10099999999999998,24.883999999999997,26.056,-1.1720000000000002,0.35047887323943655,-0.016507042253521127,7,1103,1057,46,15.535211267605634,0.647887323943662,10,1441,1387,54,20.295774647887324,0.7605633802816901,-0.041000000000000036,53.98699999999999,54.092999999999996,-0.10600000000000043,0.7603802816901407,-0.0014929577464788792,-1,722,736,-14,10.169014084507042,-0.19718309859154928,1,3004,3076,-72,42.309859154929576,-1.0140845070422535,6,1576,1686,-110,22.197183098591548,-1.5492957746478873,7,526,617,-91,7.408450704225352,-1.2816901408450705,3,285,358,-73,4.014084507042254,-1.028169014084507,-5,1011,957,54,14.23943661971831,0.7605633802816901,-4,1280,1303,-23,18.028169014084508,-0.323943661971831
71,71,7234,BRK,72,2016-03-26,Home,IND,W,120,110,42,77,0.545,5,11,0.455,31,36,0.861,7,40,24,13,1,20,23,37,77,0.48100000000000004,11,24,0.45799999999999996,25,30,0.833,6,31,24,15,4,19,26,10,7106,7539,-433,98.69444444444444,18.458333333333332,-6.013888888888889,5,2758,2895,-137,38.30555555555556,-1.9027777777777777,0,6022,6116,-94,83.63888888888889,-1.3055555555555556,0.064,32.991,34.208,-1.2169999999999999,0.45820833333333333,-0.016902777777777777,-6,456,667,-211,6.333333333333333,-2.9305555555555554,-13,1279,1820,-541,17.76388888888889,-7.513888888888889,-0.002999999999999947,25.338999999999995,26.514,-1.175,0.35193055555555547,-0.016319444444444445,6,1134,1082,52,15.75,0.7222222222222222,6,1477,1417,60,20.51388888888889,0.8333333333333334,0.028000000000000025,54.847999999999985,54.925999999999995,-0.0780000000000004,0.7617777777777776,-0.001083333333333339,1,729,742,-13,10.125,-0.18055555555555555,9,3044,3107,-63,42.27777777777778,-0.875,0,1600,1710,-110,22.22222222222222,-1.5277777777777777,-2,539,632,-93,7.486111111111111,-1.2916666666666667,-3,286,362,-76,3.9722222222222223,-1.0555555555555556,1,1031,976,55,14.319444444444445,0.7638888888888888,-3,1303,1329,-26,18.09722222222222,-0.3611111111111111
72,72,7332,BRK,73,2016-03-28,Away,MIA,L,99,110,41,77,0.532,3,11,0.273,14,18,0.778,10,36,20,8,2,20,10,48,84,0.5710000000000001,5,16,0.313,9,12,0.75,7,32,25,11,4,12,14,-11,7205,7649,-444,98.6986301369863,18.397260273972602,-6.082191780821918,-7,2799,2943,-144,38.342465753424655,-1.9726027397260273,-7,6099,6200,-101,83.54794520547945,-1.3835616438356164,-0.039000000000000035,33.522999999999996,34.778999999999996,-1.2559999999999998,0.4592191780821917,-0.017205479452054792,-2,459,672,-213,6.287671232876712,-2.9178082191780823,-5,1290,1836,-546,17.671232876712327,-7.47945205479452,-0.03999999999999998,25.611999999999995,26.826999999999998,-1.215,0.3508493150684931,-0.016643835616438358,5,1148,1091,57,15.726027397260275,0.7808219178082192,6,1495,1429,66,20.47945205479452,0.9041095890410958,0.028000000000000025,55.62599999999998,55.675999999999995,-0.05000000000000038,0.7619999999999998,-0.0006849315068493203,3,739,749,-10,10.123287671232877,-0.136986301369863,4,3080,3139,-59,42.19178082191781,-0.8082191780821918,-5,1620,1735,-115,22.19178082191781,-1.5753424657534247,-3,547,643,-96,7.493150684931507,-1.3150684931506849,-2,288,366,-78,3.9452054794520546,-1.0684931506849316,8,1051,988,63,14.397260273972602,0.863013698630137,-4,1313,1343,-30,17.986301369863014,-0.410958904109589
73,73,7432,BRK,74,2016-03-29,Away,ORL,L,105,139,37,79,0.46799999999999997,5,14,0.35700000000000004,26,39,0.667,14,39,19,7,5,18,18,56,91,0.615,14,27,0.519,13,19,0.684,5,35,40,11,5,10,29,-34,7310,7788,-478,98.78378378378379,18.54054054054054,-6.45945945945946,-19,2836,2999,-163,38.32432432432432,-2.2027027027027026,-12,6178,6291,-113,83.48648648648648,-1.527027027027027,-0.14700000000000002,33.991,35.394,-1.4029999999999998,0.4593378378378378,-0.018959459459459458,-9,464,686,-222,6.27027027027027,-3.0,-13,1304,1863,-559,17.62162162162162,-7.554054054054054,-0.16199999999999998,25.968999999999994,27.345999999999997,-1.377,0.35093243243243233,-0.018608108108108107,13,1174,1104,70,15.864864864864865,0.9459459459459459,20,1534,1448,86,20.72972972972973,1.162162162162162,-0.017000000000000015,56.292999999999985,56.35999999999999,-0.06700000000000039,0.760716216216216,-0.0009054054054054107,9,753,754,-1,10.175675675675675,-0.013513513513513514,4,3119,3174,-55,42.148648648648646,-0.7432432432432432,-21,1639,1775,-136,22.14864864864865,-1.837837837837838,-4,554,654,-100,7.486486486486487,-1.3513513513513513,0,293,371,-78,3.9594594594594597,-1.054054054054054,8,1069,998,71,14.445945945945946,0.9594594594594594,-11,1331,1372,-41,17.986486486486488,-0.5540540540540541
74,74,7532,BRK,75,2016-03-31,Away,CLE,L,87,107,35,94,0.3720000000000001,4,21,0.19,13,21,0.619,13,55,26,12,4,17,19,38,87,0.4370000000000001,12,38,0.316,19,24,0.792,9,50,29,10,7,17,17,-20,7397,7895,-498,98.62666666666667,18.52,-6.64,-3,2871,3037,-166,38.28,-2.2133333333333334,7,6272,6378,-106,83.62666666666667,-1.4133333333333333,-0.065,34.363,35.830999999999996,-1.4679999999999997,0.4581733333333333,-0.01957333333333333,-8,468,698,-230,6.24,-3.066666666666667,-17,1325,1901,-576,17.666666666666668,-7.68,-0.126,26.158999999999995,27.661999999999995,-1.5030000000000001,0.3487866666666666,-0.020040000000000002,-6,1187,1123,64,15.826666666666666,0.8533333333333334,-3,1555,1472,83,20.733333333333334,1.1066666666666667,-0.17300000000000004,56.911999999999985,57.151999999999994,-0.24000000000000044,0.7588266666666664,-0.003200000000000006,4,766,763,3,10.213333333333333,0.04,5,3174,3224,-50,42.32,-0.6666666666666666,-3,1665,1804,-139,22.2,-1.8533333333333333,2,566,664,-98,7.546666666666667,-1.3066666666666666,-3,297,378,-81,3.96,-1.08,0,1086,1015,71,14.48,0.9466666666666667,2,1350,1389,-39,18.0,-0.52
75,75,7632,BRK,76,2016-04-01,Away,NYK,L,91,105,36,101,0.35600000000000004,4,24,0.16699999999999998,15,20,0.75,20,52,20,11,2,11,11,42,84,0.5,14,23,0.609,7,7,1.0,7,46,24,4,8,17,12,-14,7488,8000,-512,98.52631578947368,18.43421052631579,-6.7368421052631575,-6,2907,3079,-172,38.25,-2.263157894736842,17,6373,6462,-89,83.85526315789474,-1.1710526315789473,-0.14399999999999996,34.719,36.330999999999996,-1.6119999999999997,0.45682894736842106,-0.021210526315789468,-10,472,712,-240,6.2105263157894735,-3.1578947368421053,1,1349,1924,-575,17.75,-7.565789473684211,-0.442,26.325999999999997,28.270999999999994,-1.945,0.3463947368421052,-0.025592105263157895,8,1202,1130,72,15.81578947368421,0.9473684210526315,13,1575,1479,96,20.723684210526315,1.263157894736842,-0.25,57.661999999999985,58.151999999999994,-0.49000000000000044,0.7587105263157893,-0.006447368421052637,13,786,770,16,10.342105263157896,0.21052631578947367,6,3226,3270,-44,42.44736842105263,-0.5789473684210527,-4,1685,1828,-143,22.17105263157895,-1.881578947368421,7,577,668,-91,7.592105263157895,-1.1973684210526316,-6,299,386,-87,3.9342105263157894,-1.144736842105263,-6,1097,1032,65,14.43421052631579,0.8552631578947368,-1,1361,1401,-40,17.907894736842106,-0.5263157894736842
76,76,7732,BRK,77,2016-04-03,Home,NOP,L,87,106,33,85,0.38799999999999996,8,23,0.348,13,21,0.619,21,50,20,5,3,20,23,42,76,0.5529999999999999,8,22,0.364,14,23,0.609,5,32,31,11,7,12,21,-19,7575,8106,-531,98.37662337662337,18.467532467532468,-6.896103896103896,-9,2940,3121,-181,38.18181818181818,-2.3506493506493507,9,6458,6538,-80,83.87012987012987,-1.0389610389610389,-0.16499999999999998,35.107,36.88399999999999,-1.7769999999999997,0.4559350649350649,-0.023077922077922072,0,480,720,-240,6.233766233766234,-3.116883116883117,1,1372,1946,-574,17.818181818181817,-7.454545454545454,-0.016000000000000014,26.673999999999996,28.634999999999994,-1.961,0.34641558441558434,-0.02546753246753247,-1,1215,1144,71,15.779220779220779,0.922077922077922,-2,1596,1502,94,20.727272727272727,1.2207792207792207,0.010000000000000009,58.280999999999985,58.760999999999996,-0.4800000000000004,0.7568961038961037,-0.006233766233766239,16,807,775,32,10.480519480519481,0.4155844155844156,18,3276,3302,-26,42.54545454545455,-0.33766233766233766,-11,1705,1859,-154,22.142857142857142,-2.0,-6,582,679,-97,7.558441558441558,-1.2597402597402598,-4,302,393,-91,3.9220779220779223,-1.1818181818181819,8,1117,1044,73,14.506493506493506,0.948051948051948,2,1384,1422,-38,17.974025974025974,-0.4935064935064935
77,77,7832,BRK,78,2016-04-06,Away,WAS,L,103,121,39,92,0.424,7,17,0.41200000000000003,18,24,0.75,11,38,26,7,4,10,21,48,95,0.505,8,28,0.28600000000000003,17,20,0.85,16,53,36,7,10,11,19,-18,7678,8227,-549,98.43589743589743,18.474358974358974,-7.038461538461538,-9,2979,3169,-190,38.19230769230769,-2.4358974358974357,-3,6550,6633,-83,83.97435897435898,-1.064102564102564,-0.08100000000000002,35.531,37.388999999999996,-1.8579999999999997,0.455525641025641,-0.023820512820512816,-1,487,728,-241,6.243589743589744,-3.08974358974359,-11,1389,1974,-585,17.807692307692307,-7.5,0.126,27.085999999999995,28.920999999999996,-1.835,0.3472564102564102,-0.023525641025641024,1,1233,1161,72,15.807692307692308,0.9230769230769231,4,1620,1522,98,20.76923076923077,1.2564102564102564,-0.09999999999999998,59.030999999999985,59.611,-0.5800000000000004,0.7568076923076921,-0.007435897435897441,-5,818,791,27,10.487179487179487,0.34615384615384615,-15,3314,3355,-41,42.48717948717949,-0.5256410256410257,-10,1731,1895,-164,22.192307692307693,-2.1025641025641026,0,589,686,-97,7.551282051282051,-1.2435897435897436,-6,306,403,-97,3.923076923076923,-1.2435897435897436,-1,1127,1055,72,14.448717948717949,0.9230769230769231,2,1405,1441,-36,18.012820512820515,-0.46153846153846156
78,78,7932,BRK,79,2016-04-08,Away,CHO,L,99,113,39,92,0.424,10,25,0.4,11,20,0.55,16,45,24,9,5,14,17,41,83,0.494,14,37,0.37799999999999995,17,20,0.85,10,42,26,11,12,12,17,-14,7777,8340,-563,98.44303797468355,18.455696202531644,-7.1265822784810124,-2,3018,3210,-192,38.20253164556962,-2.430379746835443,9,6642,6716,-74,84.07594936708861,-0.9367088607594937,-0.07,35.955,37.882999999999996,-1.9279999999999997,0.455126582278481,-0.024405063291139235,-4,497,742,-245,6.291139240506329,-3.1012658227848102,-12,1414,2011,-597,17.89873417721519,-7.556962025316456,0.022000000000000075,27.485999999999994,29.298999999999996,-1.813,0.3479240506329113,-0.022949367088607595,-6,1244,1178,66,15.746835443037975,0.8354430379746836,0,1640,1542,98,20.759493670886076,1.240506329113924,-0.29999999999999993,59.58099999999998,60.461,-0.8800000000000003,0.7541898734177213,-0.011139240506329117,6,834,801,33,10.556962025316455,0.4177215189873418,3,3359,3397,-38,42.51898734177215,-0.4810126582278481,-2,1755,1921,-166,22.21518987341772,-2.1012658227848102,-2,598,697,-99,7.569620253164557,-1.2531645569620253,-7,311,415,-104,3.9367088607594938,-1.3164556962025316,2,1141,1067,74,14.443037974683545,0.9367088607594937,0,1422,1458,-36,18.0,-0.45569620253164556
79,79,8032,BRK,80,2016-04-10,Away,IND,L,105,129,35,91,0.385,14,37,0.37799999999999995,21,26,0.8079999999999999,11,36,24,12,4,15,21,48,86,0.5579999999999999,11,27,0.40700000000000003,22,27,0.815,14,58,34,10,4,20,22,-24,7882,8469,-587,98.525,18.5,-7.3375,-13,3053,3258,-205,38.1625,-2.5625,5,6733,6802,-69,84.1625,-0.8625,-0.17299999999999993,36.339999999999996,38.440999999999995,-2.1009999999999995,0.45424999999999993,-0.026262499999999994,3,511,753,-242,6.3875,-3.025,10,1451,2038,-587,18.1375,-7.3375,-0.02900000000000008,27.863999999999994,29.705999999999996,-1.842,0.34829999999999994,-0.023025,-1,1265,1200,65,15.8125,0.8125,-1,1666,1569,97,20.825,1.2125,-0.007000000000000006,60.38899999999998,61.275999999999996,-0.8870000000000003,0.7548624999999998,-0.011087500000000004,-3,845,815,30,10.5625,0.375,-22,3395,3455,-60,42.4375,-0.75,-10,1779,1955,-176,22.2375,-2.2,2,610,707,-97,7.625,-1.2125,0,315,419,-104,3.9375,-1.3,-5,1156,1087,69,14.45,0.8625,-1,1443,1480,-37,18.0375,-0.4625
80,80,8133,BRK,81,2016-04-11,Home,WAS,L,111,120,44,98,0.449,10,31,0.32299999999999995,13,21,0.619,13,43,24,9,9,10,16,46,89,0.517,9,25,0.36,19,24,0.792,9,47,27,8,1,14,18,-9,7993,8589,-596,98.67901234567901,18.493827160493826,-7.3580246913580245,-2,3097,3304,-207,38.23456790123457,-2.5555555555555554,9,6831,6891,-60,84.33333333333333,-0.7407407407407407,-0.068,36.788999999999994,38.958,-2.1689999999999996,0.45418518518518514,-0.026777777777777772,1,521,762,-241,6.432098765432099,-2.9753086419753085,6,1482,2063,-581,18.296296296296298,-7.172839506172839,-0.03700000000000003,28.186999999999994,30.065999999999995,-1.879,0.3479876543209876,-0.02319753086419753,-6,1278,1219,59,15.777777777777779,0.7283950617283951,-3,1687,1593,94,20.82716049382716,1.1604938271604939,-0.17300000000000004,61.00799999999998,62.068,-1.0600000000000005,0.753185185185185,-0.013086419753086427,4,858,824,34,10.592592592592593,0.41975308641975306,-4,3438,3502,-64,42.44444444444444,-0.7901234567901234,-3,1803,1982,-179,22.25925925925926,-2.2098765432098766,1,619,715,-96,7.6419753086419755,-1.1851851851851851,8,324,420,-96,4.0,-1.1851851851851851,-4,1166,1101,65,14.395061728395062,0.8024691358024691,-2,1459,1498,-39,18.012345679012345,-0.48148148148148145
81,81,8232,BRK,82,2016-04-13,Home,TOR,L,96,103,39,89,0.43799999999999994,10,26,0.385,8,12,0.667,5,39,26,8,8,8,17,41,93,0.441,13,37,0.35100000000000003,8,15,0.5329999999999999,16,57,24,5,10,9,12,-7,8089,8692,-603,98.64634146341463,18.414634146341463,-7.353658536585366,-2,3136,3345,-209,38.24390243902439,-2.548780487804878,-4,6920,6984,-64,84.39024390243902,-0.7804878048780488,-0.003000000000000058,37.227,39.399,-2.1719999999999997,0.45398780487804874,-0.026487804878048776,-3,531,775,-244,6.475609756097561,-2.975609756097561,-11,1508,2100,-592,18.390243902439025,-7.219512195121951,0.033999999999999975,28.571999999999996,30.416999999999994,-1.845,0.3484390243902438,-0.0225,0,1286,1227,59,15.682926829268293,0.7195121951219512,-3,1699,1608,91,20.71951219512195,1.1097560975609757,0.13400000000000012,61.67499999999998,62.601,-0.9260000000000004,0.7521341463414632,-0.011292682926829273,-11,863,840,23,10.524390243902438,0.2804878048780488,-18,3477,3559,-82,42.40243902439025,-1.0,2,1829,2006,-177,22.304878048780488,-2.158536585365854,3,627,720,-93,7.646341463414634,-1.1341463414634145,-2,332,430,-98,4.048780487804878,-1.1951219512195121,-1,1174,1110,64,14.317073170731707,0.7804878048780488,5,1476,1510,-34,18.0,-0.4146341463414634
