,Unnamed: 0,Unnamed: 0.1,Unnamed: 0.1.1,Team,Game,Date,Home,Opponent,WINorLOSS,Points,Opp.Points,FieldGoals,FieldGoalsAttempted,FieldGoals.,3PointShots,3PointShotsAttempted,3PointShots.,FreeThrows,FreeThrowsAttempted,FreeThrows.,OffRebounds,TotalRebounds,Assists,Steals,Blocks,Turnovers,TotalFouls,Opp.FieldGoals,Opp.FieldGoalsAttempted,Opp.FieldGoals.,Opp.3PointShots,Opp.3PointShotsAttempted,Opp.3PointShots.,Opp.FreeThrows,Opp.FreeThrowsAttempted,Opp.FreeThrows.,Opp.OffRebounds,Opp.TotalRebounds,Opp.Assists,Opp.Steals,Opp.Blocks,Opp.Turnovers,Opp.TotalFouls,date,Points-Differential,FieldGoals-Differential,FieldGoalsAttempted-Differential,FieldGoals.-Differential,3PointShots-Differential,3PointShotsAttempted-Differential,3PointShots.-Differential,FreeThrows-Differential,FreeThrowsAttempted-Differential,FreeThrows.-Differential,OffRebounds-Differential,TotalRebounds-Differential,Assists-Differential,Steals-Differential,Blocks-Differential,Turnovers-Differential,TotalFouls-Differential,cumalitive_Points,cumalitive_Points_differential,cumalitive_FieldGoals,cumalitive_FieldGoals_differential,cumalitive_FieldGoalsAttempted,cumalitive_FieldGoalsAttempted_differential,cumalitive_FieldGoals.,cumalitive_FieldGoals._differential,cumalitive_3PointShots,cumalitive_3PointShots_differential,cumalitive_3PointShotsAttempted,cumalitive_3PointShotsAttempted_differential,cumalitive_3PointShots.,cumalitive_3PointShots._differential,cumalitive_FreeThrows,cumalitive_FreeThrows_differential,cumalitive_FreeThrowsAttempted,cumalitive_FreeThrowsAttempted_differential,cumalitive_FreeThrows.,cumalitive_FreeThrows._differential,cumalitive_OffRebounds,cumalitive_OffRebounds_differential,cumalitive_TotalRebounds,cumalitive_TotalRebounds_differential,cumalitive_Assists,cumalitive_Assists_differential,cumalitive_Steals,cumalitive_Steals_differential,cumalitive_Blocks,cumalitive_Blocks_differential,cumalitive_Turnovers,cumalitive_Turnovers_differential,cumalitive_TotalFouls,cumalitive_TotalFouls_differential
1148,1148,8528,1406,MEM,1,2017-10-18,Home,NOP,W,103,91,39,92,0.424,9,29,0.31,16,28,0.5710000000000001,15,45,19,9,8,11,29,30,79,0.38,7,25,0.28,24,29,0.828,16,51,15,4,12,17,31,2017-10-18,12,9,13,0.043999999999999984,2,4,0.029999999999999968,-8,-1,-0.2569999999999999,-1,-6,4,5,-4,-6,-2,,,,,,,,,,,,,,,,,,,,,,,,,,,,,,,,,,
1149,1149,8529,2406,MEM,2,2017-10-21,Home,GSW,W,111,101,36,77,0.46799999999999997,10,27,0.37,29,37,0.784,6,40,20,8,4,14,25,33,84,0.39299999999999996,12,38,0.316,23,27,0.852,12,46,20,10,7,17,28,2017-10-21,10,3,-7,0.07500000000000001,-2,-11,0.053999999999999986,6,10,-0.06799999999999995,-6,-6,0,-2,-3,-3,-3,103.0,12.0,39.0,9.0,92.0,13.0,0.424,0.043999999999999984,9.0,2.0,29.0,4.0,0.31,0.029999999999999968,16.0,-8.0,28.0,-1.0,0.5710000000000001,-0.2569999999999999,15.0,-1.0,45.0,-6.0,19.0,4.0,9.0,5.0,8.0,-4.0,11.0,-6.0,29.0,-2.0
1150,1150,8530,3406,MEM,3,2017-10-23,Away,HOU,W,98,90,29,68,0.426,6,19,0.316,34,37,0.919,3,38,16,5,2,12,21,32,77,0.41600000000000004,9,38,0.237,17,23,0.7390000000000001,9,39,25,5,2,16,31,2017-10-23,8,-3,-9,0.010000000000000007,-3,-19,0.07900000000000001,17,14,0.17999999999999994,-6,-1,-9,0,0,-4,-10,214.0,22.0,75.0,12.0,169.0,6.0,0.8919999999999999,0.119,19.0,0.0,56.0,-7.0,0.6799999999999999,0.08399999999999995,45.0,-2.0,65.0,9.0,1.355,-0.32499999999999984,21.0,-7.0,85.0,-12.0,39.0,4.0,17.0,3.0,12.0,-7.0,25.0,-9.0,54.0,-5.0
1151,1151,8531,4406,MEM,4,2017-10-25,Away,DAL,L,94,103,33,72,0.45799999999999996,12,31,0.387,16,24,0.667,6,36,14,7,2,17,22,36,74,0.486,11,26,0.423,20,29,0.69,4,35,20,6,4,11,20,2017-10-25,-9,-3,-2,-0.02799999999999997,1,5,-0.035999999999999976,-4,-5,-0.02299999999999991,2,1,-6,1,-2,6,2,312.0,30.0,104.0,9.0,237.0,-3.0,1.3179999999999998,0.129,25.0,-3.0,75.0,-26.0,0.996,0.16299999999999998,79.0,15.0,102.0,23.0,2.274,-0.1449999999999999,24.0,-13.0,123.0,-13.0,55.0,-5.0,22.0,3.0,14.0,-7.0,37.0,-13.0,75.0,-15.0
1152,1152,8532,5406,MEM,5,2017-10-26,Home,DAL,W,96,91,30,73,0.41100000000000003,10,34,0.294,26,30,0.867,9,46,18,7,6,18,23,32,94,0.34,10,34,0.294,17,20,0.85,18,53,20,10,3,14,22,2017-10-26,5,-2,-21,0.07099999999999995,0,0,0.0,9,10,0.017000000000000015,-9,-7,-2,-3,3,4,1,406.0,21.0,137.0,6.0,309.0,-5.0,1.7759999999999998,0.10100000000000003,37.0,-2.0,106.0,-21.0,1.383,0.127,95.0,11.0,126.0,18.0,2.941,-0.16799999999999982,30.0,-11.0,159.0,-12.0,69.0,-11.0,29.0,4.0,16.0,-9.0,54.0,-7.0,97.0,-13.0
1153,1153,8533,6406,MEM,6,2017-10-28,Home,HOU,W,103,89,40,85,0.47100000000000003,14,33,0.424,9,12,0.75,6,42,26,10,6,9,20,29,77,0.377,14,38,0.368,17,21,0.81,8,43,18,4,3,17,23,2017-10-28,14,11,8,0.09399999999999996,0,-5,0.056,-8,-9,-0.06000000000000005,-2,-1,8,6,3,-8,-3,502.0,26.0,167.0,4.0,382.0,-26.0,2.187,0.172,47.0,-2.0,140.0,-21.0,1.677,0.127,121.0,20.0,156.0,28.0,3.808,-0.1509999999999998,39.0,-20.0,205.0,-19.0,87.0,-13.0,36.0,1.0,22.0,-6.0,72.0,-3.0,120.0,-12.0
1154,1154,8534,7406,MEM,7,2017-10-30,Home,CHO,L,99,104,32,93,0.344,8,35,0.22899999999999998,27,33,0.818,11,48,17,7,8,7,22,37,89,0.41600000000000004,7,17,0.41200000000000003,23,29,0.7929999999999999,10,56,15,3,7,11,22,2017-10-30,-5,-5,4,-0.07200000000000001,1,18,-0.183,4,4,0.025000000000000026,1,-8,2,4,1,-4,0,605.0,40.0,207.0,15.0,467.0,-18.0,2.658,0.26599999999999996,61.0,-2.0,173.0,-26.0,2.101,0.183,130.0,12.0,168.0,19.0,4.558,-0.21099999999999985,45.0,-22.0,247.0,-20.0,113.0,-5.0,46.0,7.0,28.0,-3.0,81.0,-11.0,140.0,-15.0
1155,1155,8535,8209,MEM,8,2017-11-01,Home,ORL,L,99,101,39,82,0.47600000000000003,10,30,0.33299999999999996,11,16,0.688,5,31,21,12,3,13,16,38,75,0.507,13,29,0.44799999999999995,12,14,0.857,6,38,25,6,8,24,22,2017-11-01,-2,1,7,-0.031000000000000024,-3,1,-0.115,-1,2,-0.16900000000000004,-1,-7,-4,6,-5,-11,-6,704.0,35.0,239.0,10.0,560.0,-14.0,3.002,0.19399999999999995,69.0,-1.0,208.0,-8.0,2.33,0.0,157.0,16.0,201.0,23.0,5.3759999999999994,-0.18599999999999983,56.0,-21.0,295.0,-28.0,130.0,-3.0,53.0,11.0,36.0,-2.0,88.0,-15.0,162.0,-15.0
1156,1156,8536,9104,MEM,9,2017-11-04,Away,LAC,W,113,104,40,84,0.47600000000000003,13,31,0.419,20,24,0.833,9,39,21,8,7,11,28,38,83,0.45799999999999996,4,26,0.154,24,31,0.774,15,43,18,7,7,13,22,2017-11-04,9,2,1,0.01799999999999996,9,5,0.265,-4,-7,0.058999999999999934,-6,-4,3,1,0,-2,6,803.0,33.0,278.0,11.0,642.0,-7.0,3.4779999999999998,0.16299999999999992,79.0,-4.0,238.0,-7.0,2.6630000000000003,-0.115,168.0,15.0,217.0,25.0,6.063999999999999,-0.35499999999999987,61.0,-22.0,326.0,-35.0,151.0,-7.0,65.0,17.0,39.0,-7.0,101.0,-26.0,178.0,-21.0
1157,1157,8537,10104,MEM,10,2017-11-05,Away,LAL,L,102,107,40,87,0.46,11,37,0.297,11,14,0.7859999999999999,6,39,23,6,7,12,22,40,85,0.47100000000000003,9,27,0.33299999999999996,18,23,0.7829999999999999,8,46,25,5,4,16,16,2017-11-05,-5,0,2,-0.010999999999999954,2,10,-0.03600000000000003,-7,-9,0.003000000000000003,-2,-7,-2,1,3,-4,6,916.0,42.0,318.0,13.0,726.0,-6.0,3.9539999999999997,0.18099999999999988,92.0,5.0,269.0,-2.0,3.0820000000000003,0.15000000000000002,188.0,11.0,241.0,18.0,6.896999999999999,-0.29599999999999993,70.0,-28.0,365.0,-39.0,172.0,-4.0,73.0,18.0,46.0,-7.0,112.0,-28.0,206.0,-15.0
1158,1158,8538,11143,MEM,11,2017-11-07,Away,POR,W,98,97,35,73,0.479,7,19,0.368,21,25,0.84,5,34,18,8,10,14,21,36,81,0.444,6,19,0.316,19,20,0.95,10,42,11,9,1,16,18,2017-11-07,1,-1,-8,0.034999999999999976,1,0,0.05199999999999999,2,5,-0.11,-5,-8,7,-1,9,-2,3,1018.0,37.0,358.0,13.0,813.0,-4.0,4.414,0.16999999999999993,103.0,7.0,306.0,8.0,3.3790000000000004,0.11399999999999999,199.0,4.0,255.0,9.0,7.682999999999999,-0.2929999999999999,76.0,-30.0,404.0,-46.0,195.0,-6.0,79.0,19.0,53.0,-4.0,124.0,-32.0,228.0,-9.0
1159,1159,8539,12120,MEM,12,2017-11-11,Away,HOU,L,96,111,38,79,0.48100000000000004,6,20,0.3,14,18,0.778,5,41,23,9,5,19,20,37,83,0.446,16,45,0.35600000000000004,21,28,0.75,11,46,18,14,4,15,19,2017-11-11,-15,1,-4,0.034999999999999976,-10,-25,-0.05600000000000005,-7,-10,0.028000000000000025,-6,-5,5,-5,1,4,1,1116.0,38.0,393.0,12.0,886.0,-12.0,4.893,0.2049999999999999,110.0,8.0,325.0,8.0,3.7470000000000003,0.16599999999999998,220.0,6.0,280.0,14.0,8.523,-0.4029999999999999,81.0,-35.0,438.0,-54.0,213.0,1.0,87.0,18.0,63.0,5.0,138.0,-34.0,249.0,-6.0
1160,1160,8540,13107,MEM,13,2017-11-13,Away,MIL,L,103,110,37,76,0.48700000000000004,11,26,0.423,18,21,0.857,8,37,21,5,1,14,25,40,82,0.488,12,22,0.545,18,25,0.72,10,36,23,6,5,9,19,2017-11-13,-7,-3,-6,-0.0010000000000000009,-1,4,-0.12200000000000005,0,-4,0.13699999999999998,-2,1,-2,-1,-4,5,6,1212.0,23.0,431.0,13.0,965.0,-16.0,5.374,0.23999999999999988,116.0,-2.0,345.0,-17.0,4.047000000000001,0.10999999999999993,234.0,-1.0,298.0,4.0,9.301,-0.3749999999999999,86.0,-41.0,479.0,-59.0,236.0,6.0,96.0,13.0,68.0,6.0,157.0,-30.0,269.0,-5.0
1161,1161,8541,14104,MEM,14,2017-11-15,Home,IND,L,113,116,44,86,0.512,8,32,0.25,17,22,0.773,11,43,29,5,10,14,19,43,85,0.506,12,24,0.5,18,20,0.9,5,36,29,6,6,12,17,2017-11-15,-3,1,1,0.0060000000000000045,-4,8,-0.25,-1,2,-0.127,6,7,0,-1,4,2,2,1315.0,16.0,468.0,10.0,1041.0,-22.0,5.861,0.23899999999999988,127.0,-3.0,371.0,-13.0,4.470000000000001,-0.012000000000000122,252.0,-1.0,319.0,0.0,10.158,-0.2379999999999999,94.0,-43.0,516.0,-58.0,257.0,4.0,101.0,12.0,69.0,2.0,171.0,-25.0,294.0,1.0
1162,1162,8542,15104,MEM,15,2017-11-18,Home,HOU,L,83,105,31,86,0.36,7,27,0.259,14,19,0.737,15,48,18,6,7,12,18,35,78,0.449,18,43,0.419,17,21,0.81,9,45,21,8,9,16,24,2017-11-18,-22,-4,8,-0.08900000000000002,-11,-16,-0.15999999999999998,-3,-2,-0.07300000000000006,6,3,-3,-2,-2,-4,-6,1428.0,13.0,512.0,11.0,1127.0,-21.0,6.372999999999999,0.24499999999999988,135.0,-7.0,403.0,-5.0,4.720000000000001,-0.2620000000000001,269.0,-2.0,341.0,2.0,10.931,-0.3649999999999999,105.0,-37.0,559.0,-51.0,286.0,4.0,106.0,11.0,79.0,6.0,185.0,-23.0,313.0,3.0
1163,1163,8543,16104,MEM,16,2017-11-20,Home,POR,L,92,100,33,86,0.384,8,30,0.267,18,23,0.7829999999999999,5,35,23,6,9,8,26,33,83,0.39799999999999996,6,15,0.4,28,32,0.875,15,60,11,1,9,15,23,2017-11-20,-8,0,3,-0.014000000000000012,2,15,-0.133,-10,-9,-0.09200000000000008,-10,-25,12,5,0,-7,3,1511.0,-9.0,543.0,7.0,1213.0,-13.0,6.733,0.15599999999999986,142.0,-18.0,430.0,-21.0,4.979000000000001,-0.4220000000000001,283.0,-5.0,360.0,0.0,11.668,-0.43799999999999994,120.0,-31.0,607.0,-48.0,304.0,1.0,112.0,9.0,86.0,4.0,197.0,-27.0,331.0,-3.0
1164,1164,8544,17104,MEM,17,2017-11-22,Home,DAL,L,94,95,37,81,0.457,7,29,0.24100000000000002,13,14,0.929,6,52,25,7,6,17,25,39,91,0.429,9,28,0.321,8,16,0.5,4,40,23,9,2,8,14,2017-11-22,-1,-2,-10,0.028000000000000025,-2,1,-0.08000000000000003,5,-2,0.4290000000000001,2,12,2,-2,4,9,11,1603.0,-17.0,576.0,7.0,1299.0,-10.0,7.117,0.14199999999999985,150.0,-16.0,460.0,-6.0,5.246000000000001,-0.5550000000000002,301.0,-15.0,383.0,-9.0,12.450999999999999,-0.53,125.0,-41.0,642.0,-73.0,327.0,13.0,118.0,14.0,95.0,4.0,205.0,-34.0,357.0,0.0
1165,1165,8545,18104,MEM,18,2017-11-24,Away,DEN,L,92,104,36,73,0.493,9,24,0.375,11,16,0.688,3,23,28,10,3,18,21,40,79,0.506,9,32,0.281,15,26,0.5770000000000001,15,50,24,9,4,21,18,2017-11-24,-12,-4,-6,-0.013000000000000013,0,-8,0.09399999999999996,-4,-10,0.11099999999999988,-12,-27,4,1,-1,-3,3,1697.0,-18.0,613.0,5.0,1380.0,-20.0,7.574,0.16999999999999987,157.0,-18.0,489.0,-5.0,5.487000000000001,-0.6350000000000002,314.0,-10.0,397.0,-11.0,13.379999999999999,-0.10099999999999992,131.0,-39.0,694.0,-61.0,352.0,15.0,125.0,12.0,101.0,8.0,222.0,-25.0,382.0,11.0
1166,1166,8546,19104,MEM,19,2017-11-26,Home,BRK,L,88,98,32,80,0.4,8,25,0.32,16,18,0.889,11,35,15,8,3,14,24,33,74,0.446,13,29,0.44799999999999995,19,23,0.826,12,43,19,7,7,17,22,2017-11-26,-10,-1,6,-0.04599999999999999,-5,-4,-0.128,-3,-5,0.06300000000000006,-1,-8,-4,1,-4,-3,2,1789.0,-30.0,649.0,1.0,1453.0,-26.0,8.067,0.15699999999999986,166.0,-18.0,513.0,-13.0,5.862000000000001,-0.5410000000000003,325.0,-14.0,413.0,-21.0,14.068,0.009999999999999953,134.0,-51.0,717.0,-88.0,380.0,19.0,135.0,13.0,104.0,7.0,240.0,-28.0,403.0,14.0
1167,1167,8547,20104,MEM,20,2017-11-29,Away,SAS,L,95,104,35,77,0.455,11,22,0.5,14,16,0.875,11,37,21,4,1,17,19,38,75,0.507,8,20,0.4,20,24,0.833,5,32,22,9,5,8,17,2017-11-29,-9,-3,2,-0.05199999999999999,3,2,0.09999999999999998,-6,-8,0.04200000000000004,6,5,-1,-5,-4,9,2,1877.0,-40.0,681.0,0.0,1533.0,-20.0,8.467,0.11099999999999988,174.0,-23.0,538.0,-17.0,6.182000000000001,-0.6690000000000003,341.0,-17.0,431.0,-26.0,14.956999999999999,0.07300000000000001,145.0,-52.0,752.0,-96.0,395.0,15.0,143.0,14.0,107.0,3.0,254.0,-31.0,427.0,16.0
1168,1168,8548,21143,MEM,21,2017-12-01,Home,SAS,L,79,95,30,74,0.405,5,15,0.33299999999999996,14,18,0.778,8,38,19,8,6,16,26,31,70,0.44299999999999995,11,27,0.40700000000000003,22,32,0.688,7,43,20,8,5,13,18,2017-12-01,-16,-1,4,-0.03799999999999998,-6,-12,-0.07399999999999995,-8,-14,0.09000000000000008,1,-5,-1,0,1,3,8,1972.0,-49.0,716.0,-3.0,1610.0,-18.0,8.922,0.058999999999999886,185.0,-20.0,560.0,-15.0,6.682000000000001,-0.5690000000000003,355.0,-23.0,447.0,-34.0,15.831999999999999,0.11500000000000005,156.0,-46.0,789.0,-91.0,416.0,14.0,147.0,9.0,108.0,-1.0,271.0,-22.0,446.0,18.0
1169,1169,8549,22120,MEM,22,2017-12-02,Away,CLE,L,111,116,43,84,0.512,13,23,0.565,12,14,0.857,6,36,31,6,4,12,19,42,75,0.56,11,24,0.45799999999999996,21,23,0.9129999999999999,1,31,24,8,7,10,14,2017-12-02,-5,1,9,-0.048000000000000036,2,-1,0.10699999999999993,-9,-9,-0.05600000000000005,5,5,7,-2,-3,2,5,2051.0,-65.0,746.0,-4.0,1684.0,-14.0,9.327,0.020999999999999908,190.0,-26.0,575.0,-27.0,7.0150000000000015,-0.6430000000000002,369.0,-31.0,465.0,-48.0,16.61,0.20500000000000013,164.0,-45.0,827.0,-96.0,435.0,13.0,155.0,9.0,114.0,0.0,287.0,-19.0,472.0,26.0
1170,1170,8550,23107,MEM,23,2017-12-04,Home,MIN,W,95,92,34,72,0.47200000000000003,6,21,0.28600000000000003,21,24,0.875,6,41,22,6,8,16,22,35,79,0.44299999999999995,4,17,0.235,18,19,0.9470000000000001,7,34,17,9,2,9,16,2017-12-04,3,-1,-7,0.02899999999999997,2,4,0.05100000000000005,3,5,-0.07199999999999995,-1,7,5,-3,6,7,6,2162.0,-70.0,789.0,-3.0,1768.0,-5.0,9.839,-0.027000000000000128,203.0,-24.0,598.0,-28.0,7.580000000000002,-0.5360000000000003,381.0,-40.0,479.0,-57.0,17.467,0.14900000000000008,170.0,-40.0,863.0,-91.0,466.0,20.0,161.0,7.0,118.0,-3.0,299.0,-17.0,491.0,31.0
1171,1171,8551,24104,MEM,24,2017-12-06,Away,NYK,L,88,99,29,70,0.414,12,28,0.429,18,22,0.818,4,27,14,8,5,15,24,35,67,0.522,9,14,0.643,20,27,0.741,10,42,22,8,3,16,21,2017-12-06,-11,-6,3,-0.10800000000000004,3,14,-0.214,-2,-5,0.07699999999999996,-6,-15,-8,0,2,-1,3,2257.0,-67.0,823.0,-4.0,1840.0,-12.0,10.311,0.001999999999999842,209.0,-22.0,619.0,-24.0,7.866000000000001,-0.4850000000000002,402.0,-37.0,503.0,-52.0,18.342,0.07700000000000012,176.0,-41.0,904.0,-84.0,488.0,25.0,167.0,4.0,126.0,3.0,315.0,-10.0,513.0,37.0
1172,1172,8552,25104,MEM,25,2017-12-08,Home,TOR,L,107,116,41,82,0.5,9,27,0.33299999999999996,16,22,0.727,11,35,24,8,3,16,25,37,78,0.474,13,31,0.419,29,33,0.879,10,36,21,8,3,11,23,2017-12-08,-9,4,4,0.026000000000000027,-4,-4,-0.08599999999999998,-13,-11,-0.15200000000000002,1,-1,3,0,0,5,2,2345.0,-78.0,852.0,-10.0,1910.0,-9.0,10.725,-0.1060000000000002,221.0,-19.0,647.0,-10.0,8.295000000000002,-0.6990000000000002,420.0,-39.0,525.0,-57.0,19.16,0.15400000000000008,180.0,-47.0,931.0,-99.0,502.0,17.0,175.0,4.0,131.0,5.0,330.0,-11.0,537.0,40.0
1173,1173,8553,26104,MEM,26,2017-12-09,Home,OKC,L,101,102,39,88,0.44299999999999995,13,33,0.39399999999999996,10,17,0.588,13,47,23,5,5,13,30,36,92,0.391,12,34,0.353,18,31,0.581,17,47,18,7,5,10,21,2017-12-09,-1,3,-4,0.05199999999999999,1,-1,0.041000000000000036,-8,-14,0.007000000000000006,-4,0,5,-2,0,3,9,2452.0,-87.0,893.0,-6.0,1992.0,-5.0,11.225,-0.08000000000000018,230.0,-23.0,674.0,-14.0,8.628000000000002,-0.7850000000000001,436.0,-52.0,547.0,-68.0,19.887,0.0020000000000000573,191.0,-46.0,966.0,-100.0,526.0,20.0,183.0,4.0,134.0,5.0,346.0,-6.0,562.0,42.0
1174,1174,8554,27104,MEM,27,2017-12-11,Home,MIA,L,82,107,28,72,0.389,8,27,0.29600000000000004,18,27,0.667,6,31,17,6,1,14,22,37,66,0.561,14,27,0.519,19,24,0.792,2,35,24,8,8,13,22,2017-12-11,-25,-9,6,-0.17200000000000004,-6,0,-0.223,-1,3,-0.125,4,-4,-7,-2,-7,1,0,2553.0,-88.0,932.0,-3.0,2080.0,-9.0,11.668,-0.02800000000000019,243.0,-22.0,707.0,-15.0,9.022000000000002,-0.7440000000000001,446.0,-60.0,564.0,-82.0,20.475,0.009000000000000064,204.0,-50.0,1013.0,-100.0,549.0,25.0,188.0,2.0,139.0,5.0,359.0,-3.0,592.0,51.0
1175,1175,8555,28104,MEM,28,2017-12-13,Away,WAS,L,87,93,31,81,0.38299999999999995,10,28,0.35700000000000004,15,16,0.938,10,47,18,6,2,16,23,36,77,0.46799999999999997,9,22,0.409,12,24,0.5,6,44,21,7,8,15,22,2017-12-13,-6,-5,4,-0.08500000000000002,1,6,-0.051999999999999935,3,-8,0.438,4,3,-3,-1,-6,1,1,2635.0,-113.0,960.0,-12.0,2152.0,-3.0,12.056999999999999,-0.20000000000000023,251.0,-28.0,734.0,-15.0,9.318000000000001,-0.9670000000000001,464.0,-61.0,591.0,-79.0,21.142000000000003,-0.11599999999999994,210.0,-46.0,1044.0,-104.0,566.0,18.0,194.0,0.0,140.0,-2.0,373.0,-2.0,614.0,51.0
1176,1176,8556,29104,MEM,29,2017-12-15,Home,ATL,W,96,94,36,78,0.462,12,25,0.48,12,17,0.706,10,43,21,12,6,21,24,34,77,0.442,12,31,0.387,14,16,0.875,7,35,27,12,5,17,19,2017-12-15,2,2,1,0.020000000000000014,0,-6,0.09299999999999996,-2,1,-0.16900000000000004,3,8,-6,0,1,4,5,2722.0,-119.0,991.0,-17.0,2233.0,1.0,12.439999999999998,-0.28500000000000025,261.0,-27.0,762.0,-9.0,9.675,-1.0190000000000001,479.0,-58.0,607.0,-87.0,22.080000000000002,0.32200000000000006,220.0,-42.0,1091.0,-101.0,584.0,15.0,200.0,-1.0,142.0,-8.0,389.0,-1.0,637.0,52.0
1177,1177,8557,30104,MEM,30,2017-12-16,Home,BOS,L,93,102,32,79,0.405,14,34,0.41200000000000003,15,17,0.882,10,38,18,8,3,13,19,39,80,0.488,14,30,0.467,10,14,0.7140000000000001,14,42,21,6,6,16,19,2017-12-16,-9,-7,-1,-0.08299999999999996,0,4,-0.05500000000000005,5,3,0.16799999999999993,-4,-4,-3,2,-3,-3,0,2818.0,-117.0,1027.0,-15.0,2311.0,2.0,12.901999999999997,-0.26500000000000024,273.0,-27.0,787.0,-15.0,10.155000000000001,-0.9260000000000002,491.0,-60.0,624.0,-86.0,22.786,0.15300000000000002,230.0,-39.0,1134.0,-93.0,605.0,9.0,212.0,-1.0,148.0,-7.0,410.0,3.0,661.0,57.0
1178,1178,8558,31143,MEM,31,2017-12-20,Away,GSW,L,84,97,28,84,0.33299999999999996,12,31,0.387,16,19,0.8420000000000001,15,41,20,10,6,16,23,34,74,0.45899999999999996,7,21,0.33299999999999996,22,25,0.88,14,44,26,9,8,16,19,2017-12-20,-13,-6,10,-0.126,5,10,0.053999999999999986,-6,-6,-0.037999999999999916,1,-3,-6,1,-2,0,4,2911.0,-126.0,1059.0,-22.0,2390.0,1.0,13.306999999999997,-0.3480000000000002,287.0,-27.0,821.0,-11.0,10.567000000000002,-0.9810000000000002,506.0,-55.0,641.0,-83.0,23.668000000000003,0.32099999999999995,240.0,-43.0,1172.0,-97.0,623.0,6.0,220.0,1.0,151.0,-10.0,423.0,0.0,680.0,57.0
1179,1179,8559,32120,MEM,32,2017-12-21,Away,PHO,L,95,97,39,90,0.433,5,26,0.192,12,16,0.75,15,50,15,5,7,9,22,33,81,0.40700000000000003,10,26,0.385,21,27,0.778,12,44,21,4,1,10,17,2017-12-21,-2,6,9,0.026000000000000027,-5,0,-0.193,-9,-11,-0.028000000000000025,3,6,-6,1,6,-1,5,2995.0,-139.0,1087.0,-28.0,2474.0,11.0,13.639999999999997,-0.4740000000000002,299.0,-22.0,852.0,-1.0,10.954000000000002,-0.9270000000000003,522.0,-61.0,660.0,-89.0,24.51,0.28300000000000003,255.0,-42.0,1213.0,-100.0,643.0,0.0,230.0,2.0,157.0,-12.0,439.0,0.0,703.0,61.0
1180,1180,8560,33107,MEM,33,2017-12-23,Home,LAC,W,115,112,40,90,0.444,13,31,0.419,22,25,0.88,15,47,28,5,5,9,26,39,79,0.494,13,34,0.382,21,28,0.75,5,36,14,4,7,10,22,2017-12-23,3,1,11,-0.04999999999999999,0,-3,0.036999999999999984,1,-3,0.13,10,11,14,1,-2,-1,4,3090.0,-141.0,1126.0,-22.0,2564.0,20.0,14.072999999999997,-0.4480000000000002,304.0,-27.0,878.0,-1.0,11.146000000000003,-1.1200000000000003,534.0,-70.0,676.0,-100.0,25.26,0.255,270.0,-39.0,1263.0,-94.0,658.0,-6.0,235.0,3.0,164.0,-6.0,448.0,-1.0,725.0,66.0
1181,1181,8561,34104,MEM,34,2017-12-26,Away,PHO,L,97,99,35,87,0.402,3,20,0.15,24,29,0.828,10,38,12,10,11,10,28,32,72,0.444,8,22,0.364,27,35,0.7709999999999999,6,41,24,5,5,19,29,2017-12-26,-2,3,15,-0.04199999999999998,-5,-2,-0.214,-3,-6,0.05700000000000005,4,-3,-12,5,6,-9,-1,3205.0,-138.0,1166.0,-21.0,2654.0,31.0,14.516999999999998,-0.49800000000000016,317.0,-27.0,909.0,-4.0,11.565000000000003,-1.0830000000000004,556.0,-69.0,701.0,-103.0,26.14,0.385,285.0,-29.0,1310.0,-83.0,686.0,8.0,240.0,4.0,169.0,-8.0,457.0,-2.0,751.0,70.0
1182,1182,8562,35104,MEM,35,2017-12-27,Away,LAL,W,109,99,35,71,0.493,5,21,0.23800000000000002,34,39,0.872,5,37,20,3,9,10,20,35,93,0.376,8,28,0.28600000000000003,21,33,0.636,22,49,14,5,4,11,26,2017-12-27,10,0,-22,0.117,-3,-7,-0.048000000000000036,13,6,0.23600000000000002,-17,-12,6,-2,5,-1,-6,3302.0,-140.0,1201.0,-18.0,2741.0,46.0,14.918999999999997,-0.5400000000000001,320.0,-32.0,929.0,-6.0,11.715000000000003,-1.2970000000000004,580.0,-72.0,730.0,-109.0,26.968,0.44200000000000006,295.0,-25.0,1348.0,-86.0,698.0,-4.0,250.0,9.0,180.0,-2.0,467.0,-11.0,779.0,69.0
1183,1183,8563,36104,MEM,36,2017-12-30,Away,GSW,L,128,141,49,94,0.521,15,21,0.7140000000000001,15,22,0.682,13,38,29,6,0,7,22,50,85,0.588,18,33,0.545,23,25,0.92,7,38,37,3,6,10,17,2017-12-30,-13,-1,9,-0.06699999999999995,-3,-12,0.16900000000000004,-8,-3,-0.23800000000000002,6,0,-8,3,-6,-3,5,3411.0,-130.0,1236.0,-18.0,2812.0,24.0,15.411999999999997,-0.42300000000000015,325.0,-35.0,950.0,-13.0,11.953000000000003,-1.3450000000000004,614.0,-59.0,769.0,-103.0,27.84,0.678,300.0,-42.0,1385.0,-98.0,718.0,2.0,253.0,7.0,189.0,3.0,477.0,-12.0,799.0,63.0
1184,1184,8564,37104,MEM,37,2017-12-31,Away,SAC,W,114,96,41,76,0.539,14,30,0.467,18,24,0.75,6,44,22,11,8,16,21,37,86,0.43,9,24,0.375,13,25,0.52,12,42,20,6,2,16,21,2017-12-31,18,4,-10,0.10900000000000004,5,6,0.09200000000000004,5,-1,0.23,-6,2,2,5,6,0,0,3539.0,-143.0,1285.0,-19.0,2906.0,33.0,15.932999999999998,-0.4900000000000001,340.0,-38.0,971.0,-25.0,12.667000000000003,-1.1760000000000004,629.0,-67.0,791.0,-106.0,28.522,0.44000000000000006,313.0,-36.0,1423.0,-98.0,747.0,-6.0,259.0,10.0,189.0,-3.0,484.0,-15.0,821.0,68.0
1185,1185,8565,38104,MEM,38,2018-01-02,Away,LAC,L,105,113,38,79,0.48100000000000004,8,26,0.308,21,33,0.636,10,38,18,10,2,14,29,39,71,0.5489999999999999,9,23,0.391,26,31,0.8390000000000001,4,34,23,5,3,19,24,2018-01-02,-8,-1,8,-0.06799999999999995,-1,3,-0.08300000000000002,-5,2,-0.20300000000000007,6,4,-5,5,-1,-5,5,3653.0,-125.0,1326.0,-15.0,2982.0,23.0,16.471999999999998,-0.38100000000000006,354.0,-33.0,1001.0,-19.0,13.134000000000004,-1.0840000000000003,647.0,-62.0,815.0,-107.0,29.272,0.67,319.0,-42.0,1467.0,-96.0,769.0,-4.0,270.0,15.0,197.0,3.0,500.0,-15.0,842.0,68.0
1186,1186,8566,39104,MEM,39,2018-01-05,Home,WAS,L,100,102,35,86,0.40700000000000003,10,30,0.33299999999999996,20,26,0.769,11,46,20,6,9,16,25,33,84,0.39299999999999996,10,27,0.37,26,34,0.765,12,48,21,7,7,13,23,2018-01-05,-2,2,2,0.013999999999999957,0,3,-0.036999999999999984,-6,-8,0.0040000000000000036,-1,-2,-1,-1,2,3,2,3758.0,-133.0,1364.0,-16.0,3061.0,31.0,16.953,-0.449,362.0,-34.0,1027.0,-16.0,13.442000000000004,-1.1670000000000003,668.0,-67.0,848.0,-105.0,29.907999999999998,0.46699999999999997,329.0,-36.0,1505.0,-92.0,787.0,-9.0,280.0,20.0,199.0,2.0,514.0,-20.0,871.0,73.0
1187,1187,8567,40104,MEM,40,2018-01-10,Home,NOP,W,105,102,37,88,0.42,5,19,0.263,26,32,0.813,14,50,21,7,5,9,26,34,77,0.442,11,35,0.314,23,34,0.6759999999999999,9,40,20,5,7,12,26,2018-01-10,3,3,11,-0.02200000000000002,-6,-16,-0.05099999999999999,3,-2,0.13699999999999998,5,10,1,2,-2,-3,0,3858.0,-135.0,1399.0,-14.0,3147.0,33.0,17.36,-0.43500000000000005,372.0,-34.0,1057.0,-13.0,13.775000000000004,-1.2040000000000002,688.0,-73.0,874.0,-113.0,30.676999999999996,0.471,340.0,-37.0,1551.0,-94.0,807.0,-10.0,286.0,19.0,208.0,4.0,530.0,-17.0,896.0,75.0
1188,1188,8568,41143,MEM,41,2018-01-12,Away,DEN,L,78,87,30,77,0.39,7,24,0.292,11,14,0.7859999999999999,8,36,17,8,5,14,28,27,70,0.386,7,22,0.318,26,32,0.813,12,47,15,8,3,14,18,2018-01-12,-9,3,7,0.0040000000000000036,0,2,-0.026000000000000027,-15,-18,-0.027000000000000024,-4,-11,2,0,2,0,10,3963.0,-132.0,1436.0,-11.0,3235.0,44.0,17.78,-0.4570000000000001,377.0,-40.0,1076.0,-29.0,14.038000000000004,-1.2550000000000001,714.0,-70.0,906.0,-115.0,31.489999999999995,0.608,354.0,-32.0,1601.0,-84.0,828.0,-9.0,293.0,21.0,213.0,2.0,539.0,-20.0,922.0,75.0
1189,1189,8569,42120,MEM,42,2018-01-15,Home,LAL,W,123,114,42,82,0.512,10,22,0.455,29,34,0.853,6,48,24,8,8,18,26,38,96,0.396,12,35,0.34299999999999997,26,31,0.8390000000000001,12,44,25,11,8,13,23,2018-01-15,9,4,-14,0.116,-2,-13,0.112,3,3,0.0139999999999999,-6,4,-1,-3,0,5,3,4041.0,-141.0,1466.0,-8.0,3312.0,51.0,18.17,-0.45300000000000007,384.0,-40.0,1100.0,-27.0,14.330000000000004,-1.2810000000000001,725.0,-85.0,920.0,-133.0,32.275999999999996,0.581,362.0,-36.0,1637.0,-95.0,845.0,-7.0,301.0,21.0,218.0,4.0,553.0,-20.0,950.0,85.0
1190,1190,8570,43107,MEM,43,2018-01-17,Home,NYK,W,105,99,41,91,0.451,10,28,0.35700000000000004,13,17,0.765,15,44,23,9,3,11,19,35,82,0.4270000000000001,7,27,0.259,22,23,0.9570000000000001,12,45,22,5,12,14,15,2018-01-17,6,6,9,0.02399999999999991,3,1,0.09800000000000003,-9,-6,-0.19199999999999995,3,-1,1,4,-9,-3,4,4164.0,-132.0,1508.0,-4.0,3394.0,37.0,18.682000000000002,-0.3370000000000001,394.0,-42.0,1122.0,-40.0,14.785000000000004,-1.169,754.0,-82.0,954.0,-130.0,33.129,0.5949999999999999,368.0,-42.0,1685.0,-91.0,869.0,-8.0,309.0,18.0,226.0,4.0,571.0,-15.0,976.0,88.0
1191,1191,8571,44104,MEM,44,2018-01-19,Home,SAC,W,106,88,39,88,0.44299999999999995,10,34,0.294,18,23,0.7829999999999999,14,49,24,12,5,13,17,32,80,0.4,11,27,0.40700000000000003,13,18,0.722,11,44,18,10,3,21,20,2018-01-19,18,7,8,0.04299999999999998,-1,7,-0.113,5,5,0.060999999999999936,3,5,6,2,2,-8,-3,4269.0,-126.0,1549.0,2.0,3485.0,46.0,19.133000000000003,-0.31300000000000017,404.0,-39.0,1150.0,-39.0,15.142000000000003,-1.071,767.0,-91.0,971.0,-136.0,33.894,0.4029999999999999,383.0,-39.0,1729.0,-92.0,892.0,-7.0,318.0,22.0,229.0,-5.0,582.0,-18.0,995.0,92.0
1192,1192,8572,45104,MEM,45,2018-01-20,Away,NOP,L,104,111,37,82,0.451,15,35,0.429,15,16,0.938,10,44,22,2,1,14,29,39,78,0.5,7,27,0.259,26,32,0.813,6,41,23,6,5,10,15,2018-01-20,-7,-2,4,-0.04899999999999999,8,8,0.16999999999999998,-11,-16,0.125,4,3,-1,-4,-4,4,14,4375.0,-108.0,1588.0,9.0,3573.0,54.0,19.576000000000004,-0.2700000000000002,414.0,-40.0,1184.0,-32.0,15.436000000000003,-1.184,785.0,-86.0,994.0,-131.0,34.677,0.46399999999999986,397.0,-36.0,1778.0,-87.0,916.0,-1.0,330.0,24.0,234.0,-3.0,595.0,-26.0,1012.0,89.0
1193,1193,8573,46104,MEM,46,2018-01-22,Home,PHI,W,105,101,33,78,0.423,10,26,0.385,29,35,0.8290000000000001,11,32,14,14,2,12,26,32,71,0.451,14,31,0.452,23,31,0.742,16,48,21,2,4,23,28,2018-01-22,4,1,7,-0.028000000000000025,-4,-5,-0.067,6,4,0.08700000000000008,-5,-16,-7,12,-2,-11,-2,4479.0,-115.0,1625.0,7.0,3655.0,58.0,20.027000000000005,-0.3190000000000002,429.0,-32.0,1219.0,-24.0,15.865000000000004,-1.014,800.0,-97.0,1010.0,-147.0,35.615,0.5889999999999999,407.0,-32.0,1822.0,-84.0,938.0,-2.0,332.0,20.0,235.0,-7.0,609.0,-22.0,1041.0,103.0
1194,1194,8574,47104,MEM,47,2018-01-24,Home,SAS,L,85,108,36,83,0.434,2,18,0.111,11,14,0.7859999999999999,9,41,19,7,4,17,25,38,82,0.46299999999999997,10,24,0.41700000000000004,22,25,0.88,11,45,29,9,6,13,19,2018-01-24,-23,-2,1,-0.029000000000000026,-8,-6,-0.306,-11,-11,-0.09400000000000007,-2,-4,-10,-2,-2,4,6,4584.0,-111.0,1658.0,8.0,3733.0,65.0,20.450000000000003,-0.3470000000000002,439.0,-36.0,1245.0,-29.0,16.250000000000004,-1.081,829.0,-91.0,1045.0,-143.0,36.444,0.6759999999999999,418.0,-37.0,1854.0,-100.0,952.0,-9.0,346.0,32.0,237.0,-9.0,621.0,-33.0,1067.0,101.0
1195,1195,8575,48104,MEM,48,2018-01-26,Home,LAC,L,100,109,39,81,0.48100000000000004,8,27,0.29600000000000004,14,18,0.778,8,43,31,1,9,19,24,39,80,0.488,10,27,0.37,21,29,0.7240000000000001,3,36,23,15,6,10,20,2018-01-26,-9,0,1,-0.007000000000000006,-2,0,-0.07399999999999995,-7,-11,0.05399999999999994,5,7,8,-14,3,9,4,4669.0,-134.0,1694.0,6.0,3816.0,66.0,20.884000000000004,-0.3760000000000002,441.0,-44.0,1263.0,-35.0,16.361000000000004,-1.387,840.0,-102.0,1059.0,-154.0,37.230000000000004,0.5819999999999999,427.0,-39.0,1895.0,-104.0,971.0,-19.0,353.0,30.0,241.0,-11.0,638.0,-29.0,1092.0,107.0
1196,1196,8576,49104,MEM,49,2018-01-29,Home,PHO,W,120,109,47,83,0.5660000000000001,11,22,0.5,15,18,0.833,12,38,29,7,9,20,27,38,82,0.46299999999999997,7,23,0.304,26,36,0.722,15,37,20,11,2,19,20,2018-01-29,11,9,1,0.10300000000000004,4,-1,0.196,-11,-18,0.111,-3,1,9,-4,7,1,7,4769.0,-143.0,1733.0,6.0,3897.0,67.0,21.365000000000006,-0.38300000000000023,449.0,-46.0,1290.0,-35.0,16.657000000000004,-1.4609999999999999,854.0,-109.0,1077.0,-165.0,38.008,0.6359999999999998,435.0,-34.0,1938.0,-97.0,1002.0,-11.0,354.0,16.0,250.0,-8.0,657.0,-20.0,1116.0,111.0
1197,1197,8577,50104,MEM,50,2018-01-31,Away,IND,L,101,105,39,82,0.47600000000000003,12,26,0.462,11,15,0.733,14,41,20,10,1,18,21,37,70,0.529,10,26,0.385,21,31,0.677,8,33,20,16,4,14,15,2018-01-31,-4,2,12,-0.05300000000000005,2,0,0.07700000000000001,-10,-16,0.05599999999999994,6,8,0,-6,-3,4,6,4889.0,-132.0,1780.0,15.0,3980.0,68.0,21.931000000000004,-0.2800000000000002,460.0,-42.0,1312.0,-36.0,17.157000000000004,-1.265,869.0,-120.0,1095.0,-183.0,38.841,0.7469999999999998,447.0,-37.0,1976.0,-96.0,1031.0,-2.0,361.0,12.0,259.0,-1.0,677.0,-19.0,1143.0,118.0
1198,1198,8578,51143,MEM,51,2018-02-01,Away,DET,L,102,104,40,96,0.41700000000000004,8,31,0.258,14,14,1.0,10,49,22,3,3,9,24,35,76,0.461,7,25,0.28,27,37,0.73,4,41,20,8,4,7,19,2018-02-01,-2,5,20,-0.04400000000000004,1,6,-0.02200000000000002,-13,-23,0.27,6,8,2,-5,-1,2,5,4990.0,-136.0,1819.0,17.0,4062.0,80.0,22.407000000000004,-0.33300000000000024,472.0,-40.0,1338.0,-36.0,17.619000000000003,-1.188,880.0,-130.0,1110.0,-199.0,39.574,0.8029999999999997,461.0,-31.0,2017.0,-88.0,1051.0,-2.0,371.0,6.0,260.0,-4.0,695.0,-15.0,1164.0,124.0
1199,1199,8579,52120,MEM,52,2018-02-04,Away,TOR,L,86,101,29,81,0.358,8,25,0.32,20,23,0.87,13,45,17,7,6,19,23,41,89,0.461,6,35,0.171,13,15,0.867,10,44,21,13,7,11,20,2018-02-04,-15,-12,-8,-0.10300000000000004,2,-10,0.149,7,8,0.003000000000000003,3,1,-4,-6,-1,8,3,5092.0,-138.0,1859.0,22.0,4158.0,100.0,22.824000000000005,-0.3770000000000003,480.0,-39.0,1369.0,-30.0,17.877000000000002,-1.21,894.0,-143.0,1124.0,-222.0,40.574,1.0729999999999997,471.0,-25.0,2066.0,-80.0,1073.0,0.0,374.0,1.0,263.0,-5.0,704.0,-13.0,1188.0,129.0
1200,1200,8580,53107,MEM,53,2018-02-06,Away,ATL,L,82,108,34,79,0.43,4,22,0.182,10,13,0.769,9,37,23,7,5,25,24,42,83,0.506,8,25,0.32,16,21,0.762,8,36,29,13,5,13,16,2018-02-06,-26,-8,-4,-0.07600000000000001,-4,-3,-0.138,-6,-8,0.007000000000000006,1,1,-6,-6,0,12,8,5178.0,-153.0,1888.0,10.0,4239.0,92.0,23.182000000000006,-0.4800000000000003,488.0,-37.0,1394.0,-40.0,18.197000000000003,-1.061,914.0,-136.0,1147.0,-214.0,41.443999999999996,1.0759999999999998,484.0,-22.0,2111.0,-79.0,1090.0,-4.0,381.0,-5.0,269.0,-6.0,723.0,-5.0,1211.0,132.0
1201,1201,8581,54104,MEM,54,2018-02-07,Home,UTA,L,88,92,34,81,0.42,8,23,0.348,12,16,0.75,9,36,18,12,5,15,26,29,69,0.42,6,22,0.273,28,33,0.848,9,43,14,6,4,19,16,2018-02-07,-4,5,12,0.0,2,1,0.07499999999999996,-16,-17,-0.09799999999999998,0,-7,4,6,1,-4,10,5260.0,-179.0,1922.0,2.0,4318.0,88.0,23.612000000000005,-0.5560000000000003,492.0,-41.0,1416.0,-43.0,18.379,-1.1989999999999998,924.0,-142.0,1160.0,-222.0,42.212999999999994,1.0829999999999997,493.0,-21.0,2148.0,-78.0,1113.0,-10.0,388.0,-11.0,274.0,-6.0,748.0,7.0,1235.0,140.0
1202,1202,8582,55104,MEM,55,2018-02-11,Away,OKC,L,92,110,32,82,0.39,6,28,0.214,22,24,0.917,12,47,21,4,5,17,32,34,77,0.442,16,37,0.4320000000000001,26,40,0.65,9,38,21,6,3,9,23,2018-02-11,-18,-2,5,-0.05199999999999999,-10,-9,-0.2180000000000001,-4,-16,0.267,3,9,0,-2,2,8,9,5348.0,-183.0,1956.0,7.0,4399.0,100.0,24.032000000000007,-0.5560000000000003,500.0,-39.0,1439.0,-42.0,18.727,-1.1239999999999999,936.0,-158.0,1176.0,-239.0,42.962999999999994,0.9849999999999998,502.0,-21.0,2184.0,-85.0,1131.0,-6.0,400.0,-5.0,279.0,-5.0,763.0,3.0,1261.0,150.0
1203,1203,8583,56104,MEM,56,2018-02-14,Home,OKC,L,114,121,44,86,0.512,14,27,0.519,12,15,0.8,6,41,29,6,2,12,25,40,80,0.5,17,36,0.47200000000000003,24,35,0.6859999999999999,8,38,26,7,6,9,19,2018-02-14,-7,4,6,0.012000000000000009,-3,-9,0.047000000000000035,-12,-20,0.1140000000000001,-2,3,3,-1,-4,3,6,5440.0,-201.0,1988.0,5.0,4481.0,105.0,24.422000000000008,-0.6080000000000003,506.0,-49.0,1467.0,-51.0,18.941,-1.342,958.0,-162.0,1200.0,-255.0,43.879999999999995,1.2519999999999998,514.0,-18.0,2231.0,-76.0,1152.0,-6.0,404.0,-7.0,284.0,-3.0,780.0,11.0,1293.0,159.0
1204,1204,8584,57104,MEM,57,2018-02-23,Home,CLE,L,89,112,33,84,0.39299999999999996,9,24,0.375,14,18,0.778,5,37,22,10,4,21,25,40,87,0.46,11,29,0.379,21,22,0.955,7,46,26,13,9,18,23,2018-02-23,-23,-7,-3,-0.067,-2,-5,-0.0040000000000000036,-7,-4,-0.17699999999999996,-2,-9,-4,-3,-5,3,2,5554.0,-208.0,2032.0,9.0,4567.0,111.0,24.934000000000008,-0.5960000000000003,520.0,-52.0,1494.0,-60.0,19.459999999999997,-1.2950000000000002,970.0,-174.0,1215.0,-275.0,44.67999999999999,1.3659999999999999,520.0,-20.0,2272.0,-73.0,1181.0,-3.0,410.0,-8.0,286.0,-7.0,792.0,14.0,1318.0,165.0
1205,1205,8585,58104,MEM,58,2018-02-24,Away,MIA,L,89,115,35,80,0.43799999999999994,5,11,0.455,14,17,0.8240000000000001,9,40,16,7,3,19,22,41,89,0.461,12,33,0.364,21,27,0.778,14,50,27,15,6,10,17,2018-02-24,-26,-6,-9,-0.02300000000000002,-7,-22,0.09100000000000004,-7,-10,0.04600000000000004,-5,-10,-11,-8,-3,9,5,5643.0,-231.0,2065.0,2.0,4651.0,108.0,25.32700000000001,-0.6630000000000003,529.0,-54.0,1518.0,-65.0,19.834999999999997,-1.2990000000000002,984.0,-181.0,1233.0,-279.0,45.45799999999999,1.1889999999999998,525.0,-22.0,2309.0,-82.0,1203.0,-7.0,420.0,-11.0,290.0,-12.0,813.0,17.0,1343.0,167.0
1206,1206,8586,59104,MEM,59,2018-02-26,Away,BOS,L,98,109,34,78,0.436,5,23,0.217,25,32,0.7809999999999999,5,40,27,4,2,10,22,39,86,0.45299999999999996,12,37,0.324,19,27,0.7040000000000001,9,44,25,5,5,8,23,2018-02-26,-11,-5,-8,-0.017000000000000015,-7,-14,-0.107,6,5,0.07699999999999985,-4,-4,2,-1,-3,2,-1,5732.0,-257.0,2100.0,-4.0,4731.0,99.0,25.765000000000008,-0.6860000000000003,534.0,-61.0,1529.0,-87.0,20.289999999999996,-1.2080000000000002,998.0,-188.0,1250.0,-289.0,46.28199999999999,1.2349999999999999,534.0,-27.0,2349.0,-92.0,1219.0,-18.0,427.0,-19.0,293.0,-15.0,832.0,26.0,1365.0,172.0
1207,1207,8587,60104,MEM,60,2018-02-28,Home,PHO,L,102,110,33,87,0.379,13,31,0.419,23,28,0.821,11,48,23,8,8,20,29,38,83,0.45799999999999996,6,21,0.28600000000000003,28,38,0.737,8,47,19,12,6,16,28,2018-02-28,-8,-5,4,-0.07900000000000001,7,10,0.13299999999999995,-5,-10,0.08399999999999996,3,1,4,-4,2,4,1,5830.0,-268.0,2134.0,-9.0,4809.0,91.0,26.201000000000008,-0.7030000000000003,539.0,-68.0,1552.0,-101.0,20.506999999999994,-1.3150000000000002,1023.0,-182.0,1282.0,-284.0,47.06299999999999,1.3119999999999998,539.0,-31.0,2389.0,-96.0,1246.0,-16.0,431.0,-20.0,295.0,-18.0,842.0,28.0,1387.0,171.0
1208,1208,8588,61143,MEM,61,2018-03-02,Home,DEN,L,102,108,40,91,0.44,10,27,0.37,12,15,0.8,17,40,26,14,3,20,23,40,73,0.5479999999999999,6,22,0.273,22,26,0.846,6,37,18,17,3,22,22,2018-03-02,-6,0,18,-0.10799999999999993,4,5,0.09699999999999998,-10,-11,-0.04599999999999993,11,3,8,-3,0,-2,1,5932.0,-276.0,2167.0,-14.0,4896.0,95.0,26.58000000000001,-0.7820000000000003,552.0,-61.0,1583.0,-91.0,20.925999999999995,-1.1820000000000002,1046.0,-187.0,1310.0,-294.0,47.883999999999986,1.396,550.0,-28.0,2437.0,-95.0,1269.0,-12.0,439.0,-24.0,303.0,-16.0,862.0,32.0,1416.0,172.0
1209,1209,8589,62120,MEM,62,2018-03-03,Away,ORL,L,100,107,38,93,0.409,6,22,0.273,18,26,0.6920000000000001,13,46,24,9,3,9,26,36,72,0.5,8,25,0.32,27,33,0.818,5,44,19,4,9,14,23,2018-03-03,-7,2,21,-0.09100000000000004,-2,-3,-0.04699999999999999,-9,-7,-0.1259999999999999,8,2,5,5,-6,-5,3,6034.0,-282.0,2207.0,-14.0,4987.0,113.0,27.02000000000001,-0.8900000000000001,562.0,-57.0,1610.0,-86.0,21.295999999999996,-1.0850000000000002,1058.0,-197.0,1325.0,-305.0,48.68399999999998,1.35,567.0,-17.0,2477.0,-92.0,1295.0,-4.0,453.0,-27.0,306.0,-16.0,882.0,30.0,1439.0,173.0
1210,1210,8590,63107,MEM,63,2018-03-05,Away,SAS,L,98,100,42,80,0.525,8,22,0.364,6,9,0.667,6,42,26,8,5,20,22,35,76,0.461,6,22,0.273,24,31,0.774,4,36,18,14,4,11,10,2018-03-05,-2,7,4,0.064,2,0,0.09099999999999996,-18,-22,-0.10699999999999997,2,6,8,-6,1,9,12,6134.0,-289.0,2245.0,-12.0,5080.0,134.0,27.42900000000001,-0.9810000000000002,568.0,-59.0,1632.0,-89.0,21.568999999999996,-1.1320000000000001,1076.0,-206.0,1351.0,-312.0,49.37599999999998,1.2240000000000002,580.0,-9.0,2523.0,-90.0,1319.0,1.0,462.0,-22.0,309.0,-22.0,891.0,25.0,1465.0,176.0
1211,1211,8591,64104,MEM,64,2018-03-07,Away,CHI,L,110,119,40,82,0.488,10,29,0.345,20,25,0.8,9,33,24,12,3,14,26,42,79,0.532,11,29,0.379,24,32,0.75,9,41,25,10,1,20,22,2018-03-07,-9,-2,3,-0.04400000000000004,-1,0,-0.03400000000000003,-4,-7,0.05000000000000005,0,-8,-1,2,2,-6,4,6232.0,-291.0,2287.0,-5.0,5160.0,138.0,27.954000000000008,-0.9170000000000003,576.0,-57.0,1654.0,-89.0,21.932999999999996,-1.0410000000000001,1082.0,-224.0,1360.0,-334.0,50.042999999999985,1.1170000000000002,586.0,-7.0,2565.0,-84.0,1345.0,9.0,470.0,-28.0,314.0,-21.0,911.0,34.0,1487.0,188.0
1212,1212,8592,65104,MEM,65,2018-03-09,Home,UTA,L,78,95,31,83,0.373,6,22,0.273,10,14,0.7140000000000001,10,39,16,4,5,15,22,33,74,0.446,13,32,0.406,16,22,0.727,8,48,26,10,8,17,17,2018-03-09,-17,-2,9,-0.07300000000000001,-7,-10,-0.133,-6,-8,-0.0129999999999999,2,-9,-10,-6,-3,-2,5,6342.0,-300.0,2327.0,-7.0,5242.0,141.0,28.442000000000007,-0.9610000000000003,586.0,-58.0,1683.0,-89.0,22.277999999999995,-1.0750000000000002,1102.0,-228.0,1385.0,-341.0,50.84299999999998,1.1670000000000003,595.0,-7.0,2598.0,-92.0,1369.0,8.0,482.0,-26.0,317.0,-19.0,925.0,28.0,1513.0,192.0
1213,1213,8593,66104,MEM,66,2018-03-10,Away,DAL,L,80,114,30,84,0.35700000000000004,7,18,0.389,13,17,0.765,9,41,19,4,4,14,24,37,77,0.48100000000000004,10,29,0.345,30,35,0.857,9,52,21,8,3,10,18,2018-03-10,-34,-7,7,-0.12399999999999994,-3,-11,0.04400000000000004,-17,-18,-0.09199999999999996,0,-11,-2,-4,1,4,6,6420.0,-317.0,2358.0,-9.0,5325.0,150.0,28.81500000000001,-1.0340000000000003,592.0,-65.0,1705.0,-99.0,22.550999999999995,-1.2080000000000002,1112.0,-234.0,1399.0,-349.0,51.55699999999998,1.1540000000000004,605.0,-5.0,2637.0,-101.0,1385.0,-2.0,486.0,-32.0,322.0,-22.0,940.0,26.0,1535.0,197.0
1214,1214,8594,67104,MEM,67,2018-03-12,Home,MIL,L,103,121,42,89,0.47200000000000003,9,27,0.33299999999999996,10,19,0.526,10,31,27,6,5,9,23,47,81,0.58,12,25,0.48,15,22,0.682,11,47,33,6,5,18,22,2018-03-12,-18,-5,8,-0.10799999999999997,-3,2,-0.14699999999999994,-5,-3,-0.15600000000000006,-1,-16,-6,0,0,-9,1,6500.0,-351.0,2388.0,-16.0,5409.0,157.0,29.172000000000008,-1.1580000000000001,599.0,-68.0,1723.0,-110.0,22.939999999999994,-1.1640000000000001,1125.0,-251.0,1416.0,-367.0,52.32199999999998,1.0620000000000005,614.0,-5.0,2678.0,-112.0,1404.0,-4.0,490.0,-36.0,326.0,-21.0,954.0,30.0,1559.0,203.0
1215,1215,8595,68104,MEM,68,2018-03-15,Home,CHI,L,110,111,38,87,0.4370000000000001,13,35,0.371,21,25,0.84,11,47,27,7,4,14,22,35,80,0.43799999999999994,15,41,0.366,26,33,0.7879999999999999,8,42,23,10,2,13,23,2018-03-15,-1,3,7,-0.00099999999999989,-2,-6,0.0050000000000000044,-5,-8,0.05200000000000005,3,5,4,-3,2,1,-1,6603.0,-369.0,2430.0,-21.0,5498.0,165.0,29.64400000000001,-1.266,608.0,-71.0,1750.0,-108.0,23.272999999999993,-1.3110000000000002,1135.0,-256.0,1435.0,-370.0,52.847999999999985,0.9060000000000005,624.0,-6.0,2709.0,-128.0,1431.0,-10.0,496.0,-36.0,331.0,-21.0,963.0,21.0,1582.0,204.0
1216,1216,8596,69104,MEM,69,2018-03-17,Home,DEN,W,101,94,33,81,0.40700000000000003,13,32,0.406,22,28,0.7859999999999999,14,47,21,5,9,11,20,32,87,0.368,9,33,0.273,21,29,0.7240000000000001,18,49,17,10,5,7,25,2018-03-17,7,1,-6,0.03899999999999998,4,-1,0.133,1,-1,0.061999999999999826,-4,-2,4,-5,4,4,-5,6713.0,-370.0,2468.0,-18.0,5585.0,172.0,30.08100000000001,-1.267,621.0,-73.0,1785.0,-114.0,23.64399999999999,-1.306,1156.0,-261.0,1460.0,-378.0,53.68799999999999,0.9580000000000005,635.0,-3.0,2756.0,-123.0,1458.0,-6.0,503.0,-39.0,335.0,-19.0,977.0,22.0,1604.0,203.0
1217,1217,8597,70104,MEM,70,2018-03-19,Away,BRK,L,115,118,46,88,0.523,10,23,0.435,13,20,0.65,11,42,21,11,3,16,33,36,72,0.5,16,40,0.4,30,40,0.75,9,41,27,5,9,22,22,2018-03-19,-3,10,16,0.02300000000000002,-6,-17,0.034999999999999976,-17,-20,-0.09999999999999998,2,1,-6,6,-6,-6,11,6814.0,-363.0,2501.0,-17.0,5666.0,166.0,30.48800000000001,-1.228,634.0,-69.0,1817.0,-115.0,24.04999999999999,-1.173,1178.0,-260.0,1488.0,-379.0,54.47399999999999,1.0200000000000002,649.0,-7.0,2803.0,-125.0,1479.0,-2.0,508.0,-44.0,344.0,-15.0,988.0,26.0,1624.0,198.0
1218,1218,8598,71143,MEM,71,2018-03-21,Away,PHI,L,105,119,40,99,0.40399999999999997,9,27,0.33299999999999996,16,20,0.8,15,47,25,6,2,13,20,46,84,0.5479999999999999,11,31,0.355,16,20,0.8,4,38,32,8,4,14,21,2018-03-21,-14,-6,15,-0.1439999999999999,-2,-4,-0.021999999999999964,0,0,0.0,11,9,-7,-2,-2,-1,-1,6929.0,-366.0,2547.0,-7.0,5754.0,182.0,31.01100000000001,-1.205,644.0,-75.0,1840.0,-132.0,24.48499999999999,-1.1380000000000001,1191.0,-277.0,1508.0,-399.0,55.12399999999999,0.9200000000000003,660.0,-5.0,2845.0,-124.0,1500.0,-8.0,519.0,-38.0,347.0,-21.0,1004.0,20.0,1657.0,209.0
1219,1219,8599,72120,MEM,72,2018-03-22,Away,CHO,L,79,140,30,78,0.385,4,18,0.222,15,21,0.7140000000000001,9,38,13,4,7,19,24,49,92,0.5329999999999999,19,40,0.475,23,27,0.852,11,53,25,10,4,8,17,2018-03-22,-61,-19,-14,-0.1479999999999999,-15,-22,-0.253,-8,-6,-0.1379999999999999,-2,-15,-12,-6,3,11,7,7034.0,-380.0,2587.0,-13.0,5853.0,197.0,31.41500000000001,-1.349,653.0,-77.0,1867.0,-136.0,24.817999999999987,-1.1600000000000001,1207.0,-277.0,1528.0,-399.0,55.923999999999985,0.9200000000000003,675.0,6.0,2892.0,-115.0,1525.0,-15.0,525.0,-40.0,349.0,-23.0,1017.0,19.0,1677.0,208.0
1220,1220,8600,73107,MEM,73,2018-03-24,Home,LAL,L,93,100,35,84,0.41700000000000004,5,29,0.172,18,22,0.818,11,43,20,7,6,10,21,35,86,0.40700000000000003,13,38,0.342,17,25,0.68,11,44,19,7,2,11,20,2018-03-24,-7,0,-2,0.010000000000000007,-8,-9,-0.17000000000000004,1,-3,0.1379999999999999,0,-1,1,0,4,-1,1,7113.0,-441.0,2617.0,-32.0,5931.0,183.0,31.80000000000001,-1.4969999999999999,657.0,-92.0,1885.0,-158.0,25.03999999999999,-1.4130000000000003,1222.0,-285.0,1549.0,-405.0,56.637999999999984,0.7820000000000004,684.0,4.0,2930.0,-130.0,1538.0,-27.0,529.0,-46.0,356.0,-20.0,1036.0,30.0,1701.0,215.0
1221,1221,8601,74104,MEM,74,2018-03-26,Away,MIN,W,101,93,40,84,0.47600000000000003,15,31,0.484,6,9,0.667,7,35,25,8,4,13,23,33,79,0.418,8,24,0.33299999999999996,19,24,0.792,7,37,21,7,6,14,15,2018-03-26,8,7,5,0.058,7,7,0.15099999999999994,-13,-15,-0.125,0,-2,4,1,-2,-1,8,7206.0,-448.0,2652.0,-32.0,6015.0,181.0,32.21700000000001,-1.4869999999999999,662.0,-100.0,1914.0,-167.0,25.21199999999999,-1.5830000000000002,1240.0,-284.0,1571.0,-408.0,57.45599999999998,0.9200000000000003,695.0,4.0,2973.0,-131.0,1558.0,-26.0,536.0,-46.0,362.0,-16.0,1046.0,29.0,1722.0,216.0
1222,1222,8602,75104,MEM,75,2018-03-28,Home,POR,W,108,103,41,84,0.488,13,25,0.52,13,23,0.565,11,46,23,7,2,15,24,38,79,0.48100000000000004,8,30,0.267,19,30,0.633,8,38,15,7,8,12,20,2018-03-28,5,3,5,0.007000000000000006,5,-5,0.253,-6,-7,-0.06800000000000006,3,8,8,0,-6,3,4,7307.0,-440.0,2692.0,-25.0,6099.0,186.0,32.69300000000001,-1.4289999999999998,677.0,-93.0,1945.0,-160.0,25.69599999999999,-1.4320000000000002,1246.0,-297.0,1580.0,-423.0,58.12299999999998,0.7950000000000003,702.0,4.0,3008.0,-133.0,1583.0,-22.0,544.0,-45.0,366.0,-18.0,1059.0,28.0,1745.0,224.0
1223,1223,8603,76104,MEM,76,2018-03-30,Away,UTA,L,97,107,39,81,0.48100000000000004,9,23,0.391,10,15,0.667,7,33,24,8,4,13,21,40,74,0.541,12,31,0.387,15,26,0.5770000000000001,7,38,24,7,5,15,19,2018-03-30,-10,-1,7,-0.06000000000000005,-3,-8,0.0040000000000000036,-5,-11,0.08999999999999997,0,-5,0,1,-1,-2,2,7415.0,-435.0,2733.0,-22.0,6183.0,191.0,33.18100000000001,-1.4219999999999997,690.0,-88.0,1970.0,-165.0,26.21599999999999,-1.1790000000000003,1259.0,-303.0,1603.0,-430.0,58.68799999999998,0.7270000000000002,713.0,7.0,3054.0,-125.0,1606.0,-14.0,551.0,-45.0,368.0,-24.0,1074.0,31.0,1769.0,228.0
1224,1224,8604,77104,MEM,77,2018-04-01,Away,POR,L,98,113,40,88,0.455,9,21,0.429,9,12,0.75,9,42,20,7,5,17,19,39,84,0.46399999999999997,12,38,0.316,23,25,0.92,8,43,28,9,2,13,15,2018-04-01,-15,1,4,-0.009000000000000008,-3,-17,0.113,-14,-13,-0.17000000000000004,1,-1,-8,-2,3,4,4,7512.0,-445.0,2772.0,-23.0,6264.0,198.0,33.66200000000001,-1.4819999999999998,699.0,-91.0,1993.0,-173.0,26.606999999999992,-1.1750000000000003,1269.0,-308.0,1618.0,-441.0,59.35499999999998,0.8170000000000002,720.0,7.0,3087.0,-130.0,1630.0,-14.0,559.0,-44.0,372.0,-25.0,1087.0,29.0,1790.0,230.0
1225,1225,8605,78104,MEM,78,2018-04-04,Away,NOP,L,95,123,37,93,0.39799999999999996,10,32,0.313,11,15,0.733,11,37,19,9,1,21,19,45,86,0.523,16,36,0.444,17,19,0.895,11,48,32,14,7,16,19,2018-04-04,-28,-8,7,-0.125,-6,-4,-0.131,-6,-4,-0.16200000000000006,0,-11,-13,-5,-6,5,0,7610.0,-460.0,2812.0,-22.0,6352.0,202.0,34.11700000000001,-1.4909999999999997,708.0,-94.0,2014.0,-190.0,27.03599999999999,-1.0620000000000003,1278.0,-322.0,1630.0,-454.0,60.10499999999998,0.6470000000000001,729.0,8.0,3129.0,-131.0,1650.0,-22.0,566.0,-46.0,377.0,-22.0,1104.0,33.0,1809.0,234.0
1226,1226,8606,79104,MEM,79,2018-04-06,Home,SAC,L,93,94,37,84,0.44,6,24,0.25,13,18,0.722,12,38,20,7,7,15,12,40,85,0.47100000000000003,6,24,0.25,8,12,0.667,10,42,23,8,5,15,21,2018-04-06,-1,-3,-1,-0.03099999999999997,0,0,0.0,5,6,0.05499999999999994,2,-4,-3,-1,2,0,-9,7705.0,-488.0,2849.0,-30.0,6445.0,209.0,34.515000000000015,-1.6159999999999997,718.0,-100.0,2046.0,-194.0,27.34899999999999,-1.1930000000000003,1289.0,-328.0,1645.0,-458.0,60.83799999999998,0.4850000000000001,740.0,8.0,3166.0,-142.0,1669.0,-35.0,575.0,-51.0,378.0,-28.0,1125.0,38.0,1828.0,234.0
1227,1227,8607,80104,MEM,80,2018-04-08,Home,DET,W,130,117,48,83,0.578,16,33,0.485,18,24,0.75,8,43,36,11,4,12,18,38,93,0.409,23,47,0.489,18,23,0.7829999999999999,14,38,30,10,0,12,18,2018-04-08,13,10,-10,0.16899999999999998,-7,-14,-0.0040000000000000036,0,1,-0.03299999999999992,-6,5,6,1,4,0,0,7798.0,-489.0,2886.0,-33.0,6529.0,208.0,34.95500000000001,-1.6469999999999996,724.0,-100.0,2070.0,-194.0,27.59899999999999,-1.1930000000000003,1302.0,-323.0,1663.0,-452.0,61.55999999999998,0.54,752.0,10.0,3204.0,-146.0,1689.0,-38.0,582.0,-52.0,385.0,-26.0,1140.0,38.0,1840.0,225.0
1228,1228,8608,81109,MEM,81,2018-04-09,Away,MIN,L,94,113,35,85,0.41200000000000003,5,18,0.278,19,21,0.905,10,35,20,11,5,17,20,42,87,0.483,7,22,0.318,22,26,0.846,18,52,27,10,7,17,18,2018-04-09,-19,-7,-2,-0.07100000000000001,-2,-4,-0.03999999999999998,-3,-5,0.05900000000000005,-8,-17,-7,1,-2,0,2,7928.0,-476.0,2934.0,-23.0,6612.0,198.0,35.533000000000015,-1.4779999999999995,740.0,-107.0,2103.0,-208.0,28.08399999999999,-1.1970000000000003,1320.0,-323.0,1687.0,-451.0,62.30999999999998,0.5070000000000001,760.0,4.0,3247.0,-141.0,1725.0,-32.0,593.0,-51.0,389.0,-22.0,1152.0,38.0,1858.0,225.0
1229,1229,8609,82104,MEM,82,2018-04-11,Away,OKC,L,123,137,44,91,0.484,13,31,0.419,22,24,0.917,10,42,22,9,2,13,22,47,85,0.5529999999999999,20,43,0.465,23,32,0.7190000000000001,8,45,32,8,3,14,23,2018-04-11,-14,-3,6,-0.06899999999999995,-7,-12,-0.04600000000000004,-1,-8,0.19799999999999995,2,-3,-10,1,-1,-1,-1,8022.0,-495.0,2969.0,-30.0,6697.0,196.0,35.945000000000014,-1.5489999999999995,745.0,-109.0,2121.0,-212.0,28.361999999999988,-1.2370000000000003,1339.0,-326.0,1708.0,-456.0,63.21499999999998,0.5660000000000002,770.0,-4.0,3282.0,-158.0,1745.0,-39.0,604.0,-50.0,394.0,-24.0,1169.0,38.0,1878.0,227.0
