,Team,Game,Date,Home,Opponent,WINorLOSS,Points,Opp.Points,FieldGoals,FieldGoalsAttempted,FieldGoals.,3PointShots,3PointShotsAttempted,3PointShots.,FreeThrows,FreeThrowsAttempted,FreeThrows.,OffRebounds,TotalRebounds,Assists,Steals,Blocks,Turnovers,TotalFouls,Opp.FieldGoals,Opp.FieldGoalsAttempted,Opp.FieldGoals.,Opp.3PointShots,Opp.3PointShotsAttempted,Opp.3PointShots.,Opp.FreeThrows,Opp.FreeThrowsAttempted,Opp.FreeThrows.,Opp.OffRebounds,Opp.TotalRebounds,Opp.Assists,Opp.Steals,Opp.Blocks,Opp.Turnovers,Opp.TotalFouls,differential_Points,average_Points,average_Opp.Points,average_differential_Points,differential_FieldGoals,average_FieldGoals,average_Opp.FieldGoals,average_differential_FieldGoals,differential_FieldGoalsAttempted,average_FieldGoalsAttempted,average_Opp.FieldGoalsAttempted,average_differential_FieldGoalsAttempted,differential_FieldGoals.,average_FieldGoals.,average_Opp.FieldGoals.,average_differential_FieldGoals.,differential_3PointShots,average_3PointShots,average_Opp.3PointShots,average_differential_3PointShots,differential_3PointShotsAttempted,average_3PointShotsAttempted,average_Opp.3PointShotsAttempted,average_differential_3PointShotsAttempted,differential_3PointShots.,average_3PointShots.,average_Opp.3PointShots.,average_differential_3PointShots.,differential_FreeThrows,average_FreeThrows,average_Opp.FreeThrows,average_differential_FreeThrows,differential_FreeThrowsAttempted,average_FreeThrowsAttempted,average_Opp.FreeThrowsAttempted,average_differential_FreeThrowsAttempted,differential_FreeThrows.,average_FreeThrows.,average_Opp.FreeThrows.,average_differential_FreeThrows.,differential_OffRebounds,average_OffRebounds,average_Opp.OffRebounds,average_differential_OffRebounds,differential_TotalRebounds,average_TotalRebounds,average_Opp.TotalRebounds,average_differential_TotalRebounds,differential_Assists,average_Assists,average_Opp.Assists,average_differential_Assists,differential_Steals,average_Steals,average_Opp.Steals,average_differential_Steals,differential_Blocks,average_Blocks,average_Opp.Blocks,average_differential_Blocks,differential_Turnovers,average_Turnovers,average_Opp.Turnovers,average_differential_Turnovers,differential_TotalFouls,average_TotalFouls,average_Opp.TotalFouls,average_differential_TotalFouls
0,MIA,1,2016-10-26,Away,ORL,W,108,96,47,97,0.485,4,16,0.25,10,16,0.625,16,52,27,5,7,10,22,34,89,0.382,6,18,0.333,22,28,0.7859999999999999,15,45,20,5,4,11,15,12,0.0,0.0,0.0,13,0.0,0.0,0.0,8,0.0,0.0,0.0,0.10299999999999998,0.0,0.0,0.0,-2,0.0,0.0,0.0,-2,0.0,0.0,0.0,-0.08300000000000002,0.0,0.0,0.0,-12,0.0,0.0,0.0,-12,0.0,0.0,0.0,-0.16099999999999992,0.0,0.0,0.0,1,0.0,0.0,0.0,7,0.0,0.0,0.0,7,0.0,0.0,0.0,0,0.0,0.0,0.0,3,0.0,0.0,0.0,-1,0.0,0.0,0.0,7,0.0,0.0,0.0
1,MIA,2,2016-10-28,Home,CHO,L,91,97,32,86,0.3720000000000001,14,34,0.412,13,20,0.65,11,52,19,2,4,19,23,35,92,0.38,7,22,0.318,20,24,0.833,13,49,20,10,9,8,20,-6,108.0,96.0,12.0,-3,47.0,34.0,13.0,-6,97.0,89.0,8.0,-0.007999999999999896,0.485,0.382,0.10299999999999998,7,4.0,6.0,-2.0,12,16.0,18.0,-2.0,0.09399999999999997,0.25,0.333,-0.08300000000000002,-7,10.0,22.0,-12.0,-4,16.0,28.0,-12.0,-0.18299999999999994,0.625,0.7859999999999999,-0.16099999999999992,-2,16.0,15.0,1.0,3,52.0,45.0,7.0,-1,27.0,20.0,7.0,-8,5.0,5.0,0.0,-5,7.0,4.0,3.0,11,10.0,11.0,-1.0,3,22.0,15.0,7.0
2,MIA,3,2016-10-30,Home,SAS,L,99,106,37,80,0.463,7,20,0.35,18,26,0.6920000000000001,6,36,19,7,6,12,24,37,82,0.451,10,18,0.556,22,26,0.846,14,44,20,4,5,15,26,-7,99.5,96.5,3.0,0,39.5,34.5,5.0,-2,91.5,90.5,1.0,0.01200000000000001,0.42850000000000005,0.381,0.04750000000000004,-3,9.0,6.5,2.5,2,25.0,20.0,5.0,-0.20600000000000007,0.33099999999999996,0.3255,0.005499999999999977,-4,11.5,21.0,-9.5,0,18.0,26.0,-8.0,-0.15399999999999991,0.6375,0.8094999999999999,-0.17199999999999993,-8,13.5,14.0,-0.5,-8,52.0,47.0,5.0,-1,23.0,20.0,3.0,3,3.5,7.5,-4.0,1,5.5,6.5,-1.0,-3,14.5,9.5,5.0,-2,22.5,17.5,5.0
3,MIA,4,2016-11-01,Home,SAC,W,108,96,37,86,0.43,13,29,0.448,21,29,0.7240000000000001,6,45,24,10,9,15,21,34,89,0.382,5,23,0.217,23,27,0.852,9,53,12,4,4,15,23,12,99.33333333333333,99.66666666666667,-0.3333333333333333,3,38.666666666666664,35.333333333333336,3.3333333333333335,-3,87.66666666666667,87.66666666666667,0.0,0.04799999999999999,0.44,0.4043333333333334,0.0356666666666667,8,8.333333333333334,7.666666666666667,0.6666666666666666,6,23.333333333333332,19.333333333333332,4.0,0.231,0.3373333333333333,0.4023333333333334,-0.06500000000000004,-2,13.666666666666666,21.333333333333332,-7.666666666666667,2,20.666666666666668,26.0,-5.333333333333333,-0.1279999999999999,0.6556666666666667,0.8216666666666667,-0.16599999999999993,-3,11.0,14.0,-3.0,-8,46.666666666666664,46.0,0.6666666666666666,12,21.666666666666668,20.0,1.6666666666666667,6,4.666666666666667,6.333333333333333,-1.6666666666666667,5,5.666666666666667,6.0,-0.3333333333333333,0,13.666666666666666,11.333333333333334,2.3333333333333335,-2,23.0,20.333333333333332,2.6666666666666665
4,MIA,5,2016-11-04,Away,TOR,L,87,96,34,88,0.386,9,28,0.321,10,15,0.667,12,43,19,10,5,13,22,37,84,0.44,6,25,0.24,16,18,0.889,13,50,14,7,5,15,16,-9,101.5,98.75,2.75,-3,38.25,35.0,3.25,4,87.25,88.0,-0.75,-0.05399999999999999,0.4375,0.39875000000000005,0.03875000000000002,3,9.5,7.0,2.5,3,24.75,20.25,4.5,0.08100000000000002,0.365,0.35600000000000004,0.008999999999999973,-6,15.5,21.75,-6.25,-3,22.75,26.25,-3.5,-0.22199999999999998,0.6727500000000001,0.8292499999999999,-0.15649999999999992,-1,9.75,12.75,-3.0,-7,46.25,47.75,-1.5,5,22.25,18.0,4.25,3,6.0,5.75,0.25,0,6.5,5.5,1.0,-2,14.0,12.25,1.75,6,22.5,21.0,1.5
5,MIA,6,2016-11-07,Away,OKC,L,85,97,31,84,0.369,4,17,0.235,19,22,0.8640000000000001,12,41,12,8,7,12,16,37,85,0.435,9,28,0.321,14,17,0.8240000000000001,10,47,24,8,5,16,18,-12,98.6,98.2,0.4,-6,37.4,35.4,2.0,-1,87.4,87.2,0.2,-0.066,0.4272,0.40700000000000003,0.020200000000000017,-5,9.4,6.8,2.6,-11,25.4,21.2,4.2,-0.08600000000000002,0.35619999999999996,0.33280000000000004,0.023399999999999983,5,14.4,20.6,-6.2,5,21.2,24.6,-3.4,0.040000000000000036,0.6716000000000001,0.8412,-0.16959999999999992,2,10.2,12.8,-2.6,-6,45.6,48.2,-2.6,-12,21.6,17.2,4.4,0,6.8,6.0,0.8,2,6.2,5.4,0.8,-4,13.8,12.8,1.0,-2,22.4,20.0,2.4
6,MIA,7,2016-11-10,Home,CHI,L,95,98,36,88,0.409,13,29,0.448,10,15,0.667,14,46,22,8,5,13,19,37,89,0.416,6,16,0.375,18,20,0.9,12,48,18,7,2,10,12,-3,96.33333333333333,98.0,-1.6666666666666667,-1,36.333333333333336,35.666666666666664,0.6666666666666666,-1,86.83333333333333,86.83333333333333,0.0,-0.007000000000000006,0.4175,0.4116666666666667,0.0058333333333333475,7,8.5,7.166666666666667,1.3333333333333333,13,24.0,22.333333333333332,1.6666666666666667,0.07300000000000001,0.336,0.33083333333333337,0.005166666666666648,-8,15.166666666666666,19.5,-4.333333333333333,-5,21.333333333333332,23.333333333333332,-2.0,-0.23299999999999998,0.7036666666666668,0.8383333333333333,-0.1346666666666666,2,10.5,12.333333333333334,-1.8333333333333333,-2,44.833333333333336,48.0,-3.1666666666666665,4,20.0,18.333333333333332,1.6666666666666667,1,7.0,6.333333333333333,0.6666666666666666,3,6.333333333333333,5.333333333333333,1.0,3,13.5,13.333333333333334,0.16666666666666666,7,21.333333333333332,19.666666666666668,1.6666666666666667
7,MIA,8,2016-11-12,Home,UTA,L,91,102,38,81,0.469,5,17,0.294,10,19,0.526,4,39,21,5,4,8,17,40,81,0.494,6,20,0.3,16,19,0.8420000000000001,6,45,12,5,4,9,19,-11,96.14285714285714,98.0,-1.8571428571428572,-2,36.285714285714285,35.857142857142854,0.42857142857142855,0,87.0,87.14285714285714,-0.14285714285714285,-0.025000000000000022,0.41628571428571426,0.4122857142857143,0.004000000000000011,-1,9.142857142857142,7.0,2.142857142857143,-3,24.714285714285715,21.428571428571427,3.2857142857142856,-0.006000000000000005,0.352,0.3371428571428572,0.014857142857142843,-6,14.428571428571429,19.285714285714285,-4.857142857142857,0,20.428571428571427,22.857142857142858,-2.4285714285714284,-0.31600000000000006,0.6984285714285715,0.8471428571428571,-0.14871428571428563,-2,11.0,12.285714285714286,-1.2857142857142858,-6,45.0,48.0,-3.0,9,20.285714285714285,18.285714285714285,2.0,0,7.142857142857143,6.428571428571429,0.7142857142857143,0,6.142857142857143,4.857142857142857,1.2857142857142858,-1,13.428571428571429,12.857142857142858,0.5714285714285714,-2,21.0,18.571428571428573,2.4285714285714284
8,MIA,9,2016-11-14,Away,SAS,L,90,94,37,84,0.44,4,15,0.267,12,21,0.5710000000000001,10,41,22,14,8,13,23,33,82,0.402,8,15,0.5329999999999999,20,27,0.741,14,52,24,4,7,17,15,-4,95.5,98.5,-3.0,4,36.5,36.375,0.125,2,86.25,86.375,-0.125,0.03799999999999998,0.42287499999999995,0.4225,0.00037500000000000727,-4,8.625,6.875,1.75,0,23.75,21.25,2.5,-0.2659999999999999,0.34475,0.3325,0.012249999999999987,-8,13.875,18.875,-5.0,-6,20.25,22.375,-2.125,-0.16999999999999993,0.676875,0.8465,-0.16962499999999994,-4,10.125,11.5,-1.375,-11,44.25,47.625,-3.375,-2,20.375,17.5,2.875,10,6.875,6.25,0.625,1,5.875,4.75,1.125,-4,12.75,12.375,0.375,8,20.5,18.625,1.875
9,MIA,10,2016-11-15,Home,ATL,L,90,93,36,89,0.404,7,23,0.304,11,14,0.7859999999999999,17,48,13,11,7,23,23,37,80,0.463,6,17,0.353,13,19,0.684,6,35,18,14,4,19,13,-3,94.88888888888889,98.0,-3.111111111111111,-1,36.55555555555556,36.0,0.5555555555555556,9,86.0,85.88888888888889,0.1111111111111111,-0.059,0.4247777777777777,0.4202222222222222,0.004555555555555559,1,8.11111111111111,7.0,1.1111111111111112,6,22.77777777777778,20.555555555555557,2.2222222222222223,-0.04899999999999999,0.3361111111111111,0.3547777777777778,-0.018666666666666668,-2,13.666666666666666,19.0,-5.333333333333333,-5,20.333333333333332,22.88888888888889,-2.5555555555555554,0.10199999999999987,0.6651111111111111,0.8347777777777777,-0.1696666666666666,11,10.11111111111111,11.777777777777779,-1.6666666666666667,13,43.888888888888886,48.111111111111114,-4.222222222222222,-5,20.555555555555557,18.22222222222222,2.3333333333333335,-3,7.666666666666667,6.0,1.6666666666666667,3,6.111111111111111,5.0,1.1111111111111112,4,12.777777777777779,12.88888888888889,-0.1111111111111111,10,20.77777777777778,18.22222222222222,2.5555555555555554
10,MIA,11,2016-11-17,Home,MIL,W,96,73,39,97,0.402,7,30,0.233,11,21,0.524,17,59,19,5,8,7,18,28,85,0.329,7,23,0.304,10,13,0.769,12,48,20,4,8,13,20,23,94.4,97.5,-3.1,11,36.5,36.1,0.4,12,86.3,85.3,1.0,0.07300000000000001,0.42269999999999996,0.4245,-0.001799999999999996,0,8.0,6.9,1.1,7,22.8,20.2,2.6,-0.07099999999999998,0.3329,0.3546,-0.0217,1,13.4,18.4,-5.0,8,19.7,22.5,-2.8,-0.245,0.6771999999999999,0.8196999999999999,-0.14249999999999996,5,10.8,11.2,-0.4,11,44.3,46.8,-2.5,-1,19.8,18.2,1.6,1,8.0,6.8,1.2,0,6.2,4.9,1.3,-6,13.8,13.5,0.3,-2,21.0,17.7,3.3
11,MIA,12,2016-11-19,Away,WAS,W,114,111,43,85,0.506,13,27,0.481,15,26,0.5770000000000001,17,47,21,6,7,16,21,42,89,0.472,11,27,0.407,16,22,0.727,13,40,22,9,2,11,22,3,94.54545454545455,95.27272727272727,-0.7272727272727273,1,36.72727272727273,35.36363636363637,1.3636363636363635,-4,87.27272727272727,85.27272727272727,2.0,0.03400000000000003,0.42081818181818176,0.4158181818181818,0.0050000000000000044,2,7.909090909090909,6.909090909090909,1.0,0,23.454545454545453,20.454545454545453,3.0,0.07400000000000001,0.3238181818181818,0.35000000000000003,-0.02618181818181818,-1,13.181818181818182,17.636363636363637,-4.454545454545454,4,19.818181818181817,21.636363636363637,-1.8181818181818181,-0.1499999999999999,0.6632727272727272,0.815090909090909,-0.15181818181818177,4,11.363636363636363,11.272727272727273,0.09090909090909091,7,45.63636363636363,46.90909090909091,-1.2727272727272727,-1,19.727272727272727,18.363636363636363,1.3636363636363635,-3,7.7272727272727275,6.545454545454546,1.1818181818181819,5,6.363636363636363,5.181818181818182,1.1818181818181819,5,13.181818181818182,13.454545454545455,-0.2727272727272727,-1,20.727272727272727,17.90909090909091,2.8181818181818183
12,MIA,13,2016-11-21,Away,PHI,L,94,101,34,88,0.386,7,31,0.226,19,28,0.679,21,50,17,7,6,13,22,37,78,0.474,11,26,0.423,16,20,0.8,7,40,21,8,5,14,25,-7,96.16666666666667,96.58333333333333,-0.4166666666666667,-3,37.25,35.916666666666664,1.3333333333333333,10,87.08333333333333,85.58333333333333,1.5,-0.08799999999999997,0.42791666666666667,0.42049999999999993,0.007416666666666673,-4,8.333333333333334,7.25,1.0833333333333333,5,23.75,21.0,2.75,-0.19699999999999998,0.3369166666666667,0.35474999999999995,-0.01783333333333333,3,13.333333333333334,17.5,-4.166666666666667,8,20.333333333333332,21.666666666666668,-1.3333333333333333,-0.121,0.6560833333333332,0.80775,-0.15166666666666662,14,11.833333333333334,11.416666666666666,0.4166666666666667,10,45.75,46.333333333333336,-0.5833333333333334,-4,19.833333333333332,18.666666666666668,1.1666666666666667,-1,7.583333333333333,6.75,0.8333333333333334,1,6.416666666666667,4.916666666666667,1.5,-1,13.416666666666666,13.25,0.16666666666666666,-3,20.75,18.25,2.5
13,MIA,14,2016-11-23,Away,DET,L,84,107,27,75,0.36,7,26,0.269,23,30,0.767,7,37,19,5,4,14,22,40,81,0.494,6,19,0.316,21,25,0.84,10,49,22,8,7,13,19,-23,96.0,96.92307692307692,-0.9230769230769231,-13,37.0,36.0,1.0,-6,87.15384615384616,85.0,2.1538461538461537,-0.134,0.4246923076923077,0.42461538461538456,7.692307692308553e-05,1,8.23076923076923,7.538461538461538,0.6923076923076923,7,24.307692307692307,21.384615384615383,2.923076923076923,-0.046999999999999986,0.3283846153846154,0.36,-0.03161538461538461,2,13.76923076923077,17.384615384615383,-3.6153846153846154,5,20.923076923076923,21.53846153846154,-0.6153846153846154,-0.07299999999999995,0.6578461538461539,0.8071538461538462,-0.14930769230769225,-3,12.538461538461538,11.076923076923077,1.4615384615384615,-12,46.07692307692308,45.84615384615385,0.23076923076923078,-3,19.615384615384617,18.846153846153847,0.7692307692307693,-3,7.538461538461538,6.846153846153846,0.6923076923076923,-3,6.384615384615385,4.923076923076923,1.4615384615384615,1,13.384615384615385,13.307692307692308,0.07692307692307693,3,20.846153846153847,18.76923076923077,2.076923076923077
14,MIA,15,2016-11-25,Away,MEM,W,90,81,33,85,0.388,12,31,0.387,12,18,0.667,10,44,17,8,8,8,21,29,82,0.354,4,19,0.211,19,23,0.826,16,51,14,3,14,17,16,9,95.14285714285714,97.64285714285714,-2.5,4,36.285714285714285,36.285714285714285,0.0,3,86.28571428571429,84.71428571428571,1.5714285714285714,0.03400000000000003,0.4200714285714286,0.42957142857142855,-0.009499999999999993,8,8.142857142857142,7.428571428571429,0.7142857142857143,12,24.428571428571427,21.214285714285715,3.2142857142857144,0.17600000000000002,0.3241428571428572,0.3568571428571428,-0.03271428571428571,-7,14.428571428571429,17.642857142857142,-3.2142857142857144,-5,21.571428571428573,21.785714285714285,-0.21428571428571427,-0.15899999999999992,0.6656428571428571,0.8095,-0.14385714285714282,-6,12.142857142857142,11.0,1.1428571428571428,-7,45.42857142857143,46.07142857142857,-0.6428571428571429,3,19.571428571428573,19.071428571428573,0.5,5,7.357142857142857,6.928571428571429,0.42857142857142855,-6,6.214285714285714,5.071428571428571,1.1428571428571428,-9,13.428571428571429,13.285714285714286,0.14285714285714285,5,20.928571428571427,18.785714285714285,2.142857142857143
15,MIA,16,2016-11-26,Home,MEM,L,107,110,40,81,0.494,11,31,0.355,16,24,0.667,8,39,18,3,6,9,21,37,73,0.507,9,25,0.36,27,33,0.818,2,34,23,5,5,6,19,-3,94.8,96.53333333333333,-1.7333333333333334,3,36.06666666666667,35.8,0.26666666666666666,8,86.2,84.53333333333333,1.6666666666666667,-0.013000000000000012,0.4179333333333333,0.4245333333333333,-0.006599999999999991,2,8.4,7.2,1.2,6,24.866666666666667,21.066666666666666,3.8,-0.0050000000000000044,0.32833333333333337,0.34713333333333335,-0.018799999999999994,-11,14.266666666666667,17.733333333333334,-3.466666666666667,-9,21.333333333333332,21.866666666666667,-0.5333333333333333,-0.1509999999999999,0.6657333333333333,0.8106000000000001,-0.14486666666666662,6,12.0,11.333333333333334,0.6666666666666666,5,45.333333333333336,46.4,-1.0666666666666667,-5,19.4,18.733333333333334,0.6666666666666666,-2,7.4,6.666666666666667,0.7333333333333333,1,6.333333333333333,5.666666666666667,0.6666666666666666,3,13.066666666666666,13.533333333333333,-0.4666666666666667,2,20.933333333333334,18.6,2.3333333333333335
16,MIA,17,2016-11-28,Home,BOS,L,104,112,38,80,0.475,6,30,0.2,22,32,0.688,7,41,24,6,2,13,25,40,83,0.482,11,27,0.407,21,26,0.8079999999999999,6,40,26,4,3,9,27,-8,95.5625,97.375,-1.8125,-2,36.3125,35.875,0.4375,-3,85.875,83.8125,2.0625,-0.007000000000000006,0.4226875,0.42968749999999994,-0.006999999999999992,-5,8.5625,7.3125,1.25,3,25.25,21.3125,3.9375,-0.20699999999999996,0.33000000000000007,0.3479375,-0.017937499999999995,1,14.375,18.3125,-3.9375,6,21.5,22.5625,-1.0625,-0.12,0.6658124999999999,0.8110625,-0.14524999999999993,1,11.75,10.75,1.0,1,44.9375,45.625,-0.6875,-2,19.3125,19.0,0.3125,2,7.125,6.5625,0.5625,-1,6.3125,5.625,0.6875,4,12.8125,13.0625,-0.25,-2,20.9375,18.625,2.3125
17,MIA,18,2016-11-30,Away,DEN,W,106,98,41,93,0.441,9,24,0.375,15,26,0.5770000000000001,11,48,26,14,7,6,25,38,91,0.418,7,22,0.318,15,24,0.625,14,55,28,3,7,19,21,8,96.05882352941177,98.23529411764706,-2.176470588235294,3,36.411764705882355,36.11764705882353,0.29411764705882354,2,85.52941176470588,83.76470588235294,1.7647058823529411,0.02300000000000002,0.42576470588235293,0.4327647058823529,-0.006999999999999993,2,8.411764705882353,7.529411764705882,0.8823529411764706,2,25.529411764705884,21.647058823529413,3.8823529411764706,0.056999999999999995,0.3223529411764707,0.35141176470588237,-0.02905882352941176,0,14.823529411764707,18.470588235294116,-3.6470588235294117,2,22.11764705882353,22.764705882352942,-0.6470588235294118,-0.04799999999999993,0.6671176470588235,0.8108823529411765,-0.14376470588235288,-3,11.470588235294118,10.470588235294118,1.0,-7,44.705882352941174,45.294117647058826,-0.5882352941176471,-2,19.58823529411765,19.41176470588235,0.17647058823529413,11,7.0588235294117645,6.411764705882353,0.6470588235294118,0,6.0588235294117645,5.470588235294118,0.5882352941176471,-13,12.823529411764707,12.823529411764707,0.0,4,21.176470588235293,19.11764705882353,2.0588235294117645
18,MIA,19,2016-12-01,Away,UTA,W,111,110,44,86,0.512,8,19,0.421,15,19,0.789,13,40,16,7,2,6,15,40,73,0.5479999999999999,17,30,0.5670000000000001,13,17,0.765,5,31,24,5,8,11,14,1,96.61111111111111,98.22222222222223,-1.6111111111111112,4,36.666666666666664,36.22222222222222,0.4444444444444444,13,85.94444444444444,84.16666666666667,1.7777777777777777,-0.03599999999999992,0.42661111111111105,0.4319444444444444,-0.005333333333333325,-9,8.444444444444445,7.5,0.9444444444444444,-11,25.444444444444443,21.666666666666668,3.7777777777777777,-0.14600000000000007,0.32527777777777783,0.34955555555555556,-0.024277777777777773,2,14.833333333333334,18.27777777777778,-3.4444444444444446,2,22.333333333333332,22.833333333333332,-0.5,0.02400000000000002,0.6621111111111111,0.8005555555555556,-0.1384444444444444,8,11.444444444444445,10.666666666666666,0.7777777777777778,9,44.888888888888886,45.833333333333336,-0.9444444444444444,-8,19.944444444444443,19.88888888888889,0.05555555555555555,2,7.444444444444445,6.222222222222222,1.2222222222222223,-6,6.111111111111111,5.555555555555555,0.5555555555555556,-5,12.444444444444445,13.166666666666666,-0.7222222222222222,1,21.38888888888889,19.22222222222222,2.1666666666666665
19,MIA,20,2016-12-03,Away,POR,L,92,99,38,86,0.442,6,22,0.273,10,15,0.667,8,46,23,6,6,13,14,36,89,0.404,9,24,0.375,18,24,0.75,12,47,19,6,9,8,17,-7,97.36842105263158,98.84210526315789,-1.4736842105263157,2,37.05263157894737,36.421052631578945,0.631578947368421,-3,85.94736842105263,83.57894736842105,2.3684210526315788,0.03799999999999998,0.43110526315789466,0.4380526315789473,-0.0069473684210526205,-3,8.421052631578947,8.0,0.42105263157894735,-2,25.105263157894736,22.105263157894736,3.0,-0.10199999999999998,0.3303157894736843,0.361,-0.030684210526315786,-8,14.842105263157896,18.0,-3.1578947368421053,-9,22.157894736842106,22.526315789473685,-0.3684210526315789,-0.08299999999999996,0.6687894736842105,0.7986842105263158,-0.1298947368421052,-4,11.526315789473685,10.368421052631579,1.1578947368421053,-1,44.63157894736842,45.05263157894737,-0.42105263157894735,4,19.736842105263158,20.105263157894736,-0.3684210526315789,0,7.421052631578948,6.157894736842105,1.263157894736842,-3,5.894736842105263,5.684210526315789,0.21052631578947367,5,12.105263157894736,13.052631578947368,-0.9473684210526315,-3,21.05263157894737,18.94736842105263,2.1052631578947367
20,MIA,21,2016-12-06,Home,NYK,L,103,114,38,89,0.4270000000000001,11,25,0.44,16,27,0.593,16,46,21,8,4,10,16,48,98,0.49,7,25,0.28,11,16,0.688,18,53,22,6,6,10,18,-11,97.1,98.85,-1.75,-10,37.1,36.4,0.7,-9,85.95,83.85,2.1,-0.06299999999999989,0.43165,0.4363499999999999,-0.004699999999999991,4,8.3,8.05,0.25,0,24.95,22.2,2.75,0.15999999999999998,0.3274500000000001,0.3617,-0.034249999999999996,5,14.6,18.0,-3.4,11,21.8,22.6,-0.8,-0.09499999999999997,0.6687,0.79625,-0.12754999999999997,-2,11.35,10.45,0.9,-7,44.7,45.15,-0.45,-1,19.9,20.05,-0.15,2,7.35,6.15,1.2,-2,5.9,5.85,0.05,0,12.15,12.8,-0.65,-2,20.7,18.85,1.85
21,MIA,22,2016-12-07,Away,ATL,L,95,103,34,80,0.425,11,27,0.407,16,20,0.8,8,33,20,6,6,16,16,43,88,0.489,4,19,0.211,13,15,0.867,14,47,27,9,9,14,20,-8,97.38095238095238,99.57142857142857,-2.1904761904761907,-9,37.142857142857146,36.95238095238095,0.19047619047619047,-8,86.0952380952381,84.52380952380952,1.5714285714285714,-0.064,0.4314285714285714,0.43890476190476185,-0.007476190476190462,7,8.428571428571429,8.0,0.42857142857142855,8,24.952380952380953,22.333333333333332,2.619047619047619,0.19599999999999998,0.3328095238095239,0.3578095238095238,-0.024999999999999994,3,14.666666666666666,17.666666666666668,-3.0,5,22.047619047619047,22.285714285714285,-0.23809523809523808,-0.06699999999999995,0.6650952380952381,0.7910952380952381,-0.12599999999999995,-6,11.571428571428571,10.80952380952381,0.7619047619047619,-14,44.76190476190476,45.523809523809526,-0.7619047619047619,-7,19.952380952380953,20.142857142857142,-0.19047619047619047,-3,7.380952380952381,6.142857142857143,1.2380952380952381,-3,5.809523809523809,5.857142857142857,-0.047619047619047616,2,12.047619047619047,12.666666666666666,-0.6190476190476191,-4,20.476190476190474,18.80952380952381,1.6666666666666667
22,MIA,23,2016-12-09,Away,CLE,L,84,114,31,90,0.344,6,27,0.222,16,21,0.762,23,46,18,6,3,13,18,46,83,0.5539999999999999,9,24,0.375,13,19,0.684,11,47,23,7,9,11,16,-30,97.27272727272727,99.72727272727273,-2.4545454545454546,-15,37.0,37.22727272727273,-0.22727272727272727,7,85.81818181818181,84.68181818181819,1.1363636363636365,-0.20999999999999996,0.4311363636363636,0.4411818181818182,-0.010045454545454531,-3,8.545454545454545,7.818181818181818,0.7272727272727273,3,25.045454545454547,22.181818181818183,2.8636363636363638,-0.153,0.33618181818181825,0.35113636363636364,-0.014954545454545453,3,14.727272727272727,17.454545454545453,-2.727272727272727,2,21.954545454545453,21.954545454545453,0.0,0.07799999999999996,0.6712272727272727,0.7945454545454546,-0.12331818181818179,12,11.409090909090908,10.954545454545455,0.45454545454545453,-1,44.22727272727273,45.59090909090909,-1.3636363636363635,-5,19.954545454545453,20.454545454545453,-0.5,-1,7.318181818181818,6.2727272727272725,1.0454545454545454,-6,5.818181818181818,6.0,-0.18181818181818182,2,12.227272727272727,12.727272727272727,-0.5,2,20.272727272727273,18.863636363636363,1.4090909090909092
23,MIA,24,2016-12-10,Away,CHI,L,100,105,42,91,0.462,5,20,0.25,11,18,0.611,14,43,25,5,5,12,22,38,84,0.452,1,8,0.125,28,31,0.903,12,47,17,8,6,11,15,-5,96.69565217391305,100.34782608695652,-3.652173913043478,4,36.73913043478261,37.608695652173914,-0.8695652173913043,7,86.0,84.6086956521739,1.391304347826087,0.010000000000000009,0.4273478260869565,0.44608695652173913,-0.018739130434782595,4,8.434782608695652,7.869565217391305,0.5652173913043478,12,25.130434782608695,22.26086956521739,2.869565217391304,0.125,0.3312173913043479,0.35217391304347834,-0.020956521739130433,-17,14.782608695652174,17.26086956521739,-2.4782608695652173,-13,21.91304347826087,21.82608695652174,0.08695652173913043,-0.29200000000000004,0.6751739130434783,0.7897391304347827,-0.11456521739130432,2,11.91304347826087,10.956521739130435,0.9565217391304348,-4,44.30434782608695,45.65217391304348,-1.3478260869565217,8,19.869565217391305,20.565217391304348,-0.6956521739130435,-3,7.260869565217392,6.304347826086956,0.9565217391304348,-1,5.695652173913044,6.130434782608695,-0.43478260869565216,1,12.26086956521739,12.652173913043478,-0.391304347826087,7,20.17391304347826,18.73913043478261,1.434782608695652
24,MIA,25,2016-12-12,Home,WAS,W,112,101,45,88,0.511,9,26,0.34600000000000003,13,19,0.684,11,47,25,6,3,11,18,39,84,0.464,5,23,0.217,18,22,0.818,10,37,17,8,1,14,22,11,96.83333333333333,100.54166666666667,-3.7083333333333335,6,36.958333333333336,37.625,-0.6666666666666666,4,86.20833333333333,84.58333333333333,1.625,0.046999999999999986,0.4287916666666666,0.4463333333333333,-0.017541666666666653,4,8.291666666666666,7.583333333333333,0.7083333333333334,3,24.916666666666668,21.666666666666668,3.25,0.12900000000000003,0.3278333333333334,0.3427083333333334,-0.014875,-5,14.625,17.708333333333332,-3.0833333333333335,-3,21.75,22.208333333333332,-0.4583333333333333,-0.1339999999999999,0.6725,0.7944583333333334,-0.12195833333333332,1,12.0,11.0,1.0,10,44.25,45.708333333333336,-1.4583333333333333,8,20.083333333333332,20.416666666666668,-0.3333333333333333,-2,7.166666666666667,6.375,0.7916666666666666,2,5.666666666666667,6.125,-0.4583333333333333,-3,12.25,12.583333333333334,-0.3333333333333333,-4,20.25,18.583333333333332,1.6666666666666667
25,MIA,26,2016-12-14,Home,IND,W,95,89,37,82,0.451,7,25,0.28,14,25,0.56,14,58,23,4,6,15,16,33,89,0.371,9,27,0.333,14,17,0.8240000000000001,6,38,14,8,5,8,21,6,97.44,100.56,-3.12,4,37.28,37.68,-0.4,-7,86.28,84.56,1.72,0.08000000000000002,0.4320799999999999,0.44704,-0.014959999999999987,-2,8.32,7.48,0.84,-2,24.96,21.72,3.24,-0.05299999999999999,0.3285600000000001,0.3376800000000001,-0.009119999999999998,0,14.56,17.72,-3.16,8,21.64,22.2,-0.56,-0.264,0.6729600000000001,0.7954000000000001,-0.12243999999999998,8,11.96,10.96,1.0,20,44.36,45.36,-1.0,9,20.28,20.28,0.0,-4,7.12,6.44,0.68,1,5.56,5.92,-0.36,7,12.2,12.64,-0.44,-5,20.16,18.72,1.44
26,MIA,27,2016-12-16,Home,LAC,L,98,102,38,93,0.409,6,27,0.222,16,25,0.64,10,47,20,5,5,4,23,36,83,0.434,7,25,0.28,23,29,0.7929999999999999,7,50,17,1,3,10,20,-4,97.34615384615384,100.11538461538461,-2.769230769230769,2,37.26923076923077,37.5,-0.23076923076923078,10,86.11538461538461,84.73076923076923,1.3846153846153846,-0.025000000000000022,0.4328076923076922,0.44411538461538463,-0.011307692307692295,-1,8.26923076923077,7.538461538461538,0.7307692307692307,2,24.96153846153846,21.923076923076923,3.0384615384615383,-0.058000000000000024,0.3266923076923077,0.3375000000000001,-0.010807692307692305,-7,14.538461538461538,17.576923076923077,-3.0384615384615383,-4,21.76923076923077,22.0,-0.23076923076923078,-0.1529999999999999,0.6686153846153846,0.7965000000000001,-0.12788461538461535,3,12.038461538461538,10.76923076923077,1.2692307692307692,-3,44.88461538461539,45.07692307692308,-0.19230769230769232,3,20.384615384615383,20.03846153846154,0.34615384615384615,4,7.0,6.5,0.5,2,5.576923076923077,5.884615384615385,-0.3076923076923077,-6,12.307692307692308,12.461538461538462,-0.15384615384615385,3,20.0,18.807692307692307,1.1923076923076923
27,MIA,28,2016-12-18,Home,BOS,L,95,105,36,69,0.522,9,24,0.375,14,25,0.56,6,41,23,7,5,23,20,41,90,0.456,9,28,0.321,14,19,0.737,11,37,21,13,2,11,16,-10,97.37037037037037,100.18518518518519,-2.814814814814815,-5,37.2962962962963,37.44444444444444,-0.14814814814814814,-21,86.37037037037037,84.66666666666667,1.7037037037037037,0.066,0.4319259259259259,0.4437407407407407,-0.011814814814814802,0,8.185185185185185,7.518518518518518,0.6666666666666666,-4,25.037037037037038,22.037037037037038,3.0,0.05399999999999999,0.32281481481481483,0.33537037037037043,-0.012555555555555554,0,14.592592592592593,17.77777777777778,-3.185185185185185,6,21.88888888888889,22.25925925925926,-0.37037037037037035,-0.17699999999999994,0.6675555555555556,0.7963703703703705,-0.1288148148148148,-5,11.962962962962964,10.62962962962963,1.3333333333333333,4,44.96296296296296,45.25925925925926,-0.2962962962962963,2,20.37037037037037,19.925925925925927,0.4444444444444444,-6,6.925925925925926,6.296296296296297,0.6296296296296297,3,5.555555555555555,5.777777777777778,-0.2222222222222222,12,12.0,12.37037037037037,-0.37037037037037035,4,20.11111111111111,18.85185185185185,1.2592592592592593
28,MIA,29,2016-12-20,Home,ORL,L,130,136,50,108,0.463,12,30,0.4,18,26,0.6920000000000001,9,48,22,4,6,10,30,52,105,0.495,11,22,0.5,21,31,0.677,6,47,24,3,5,11,25,-6,97.28571428571429,100.35714285714286,-3.0714285714285716,-2,37.25,37.57142857142857,-0.32142857142857145,3,85.75,84.85714285714286,0.8928571428571429,-0.03199999999999997,0.4351428571428571,0.4441785714285714,-0.009035714285714274,1,8.214285714285714,7.571428571428571,0.6428571428571429,8,25.0,22.25,2.75,-0.09999999999999998,0.3246785714285715,0.3348571428571429,-0.010178571428571427,-3,14.571428571428571,17.642857142857142,-3.0714285714285716,-5,22.0,22.142857142857142,-0.14285714285714285,0.015000000000000013,0.6637142857142857,0.79425,-0.13053571428571425,3,11.75,10.642857142857142,1.1071428571428572,1,44.82142857142857,44.964285714285715,-0.14285714285714285,-2,20.464285714285715,19.964285714285715,0.5,1,6.928571428571429,6.535714285714286,0.39285714285714285,1,5.535714285714286,5.642857142857143,-0.10714285714285714,-1,12.392857142857142,12.321428571428571,0.07142857142857142,5,20.107142857142858,18.75,1.3571428571428572
29,MIA,30,2016-12-22,Home,LAL,W,115,107,45,84,0.536,11,22,0.5,14,21,0.667,10,47,25,7,6,12,15,40,90,0.444,14,38,0.368,13,15,0.867,9,40,18,7,2,13,14,8,98.41379310344827,101.58620689655173,-3.1724137931034484,5,37.689655172413794,38.06896551724138,-0.3793103448275862,-6,86.51724137931035,85.55172413793103,0.9655172413793104,0.09200000000000003,0.436103448275862,0.44593103448275856,-0.009827586206896539,-3,8.344827586206897,7.689655172413793,0.6551724137931034,-16,25.17241379310345,22.24137931034483,2.9310344827586206,0.132,0.3272758620689656,0.34055172413793106,-0.013275862068965515,1,14.689655172413794,17.75862068965517,-3.0689655172413794,6,22.137931034482758,22.448275862068964,-0.3103448275862069,-0.19999999999999996,0.6646896551724137,0.7902068965517242,-0.1255172413793103,1,11.655172413793103,10.482758620689655,1.1724137931034482,7,44.93103448275862,45.03448275862069,-0.10344827586206896,7,20.517241379310345,20.103448275862068,0.41379310344827586,0,6.827586206896552,6.413793103448276,0.41379310344827586,4,5.551724137931035,5.620689655172414,-0.06896551724137931,-1,12.310344827586206,12.275862068965518,0.034482758620689655,1,20.448275862068964,18.96551724137931,1.4827586206896552
30,MIA,31,2016-12-23,Away,NOP,L,87,91,36,87,0.414,8,20,0.4,7,13,0.5379999999999999,11,59,19,4,4,14,20,33,89,0.371,11,28,0.393,14,21,0.667,11,51,17,9,7,9,20,-4,98.96666666666667,101.76666666666667,-2.8,3,37.93333333333333,38.13333333333333,-0.2,-2,86.43333333333334,85.7,0.7333333333333333,0.04299999999999998,0.4394333333333333,0.44586666666666663,-0.00643333333333332,-3,8.433333333333334,7.9,0.5333333333333333,-8,25.066666666666666,22.766666666666666,2.3,0.007000000000000006,0.3330333333333334,0.3414666666666667,-0.008433333333333331,-7,14.666666666666666,17.6,-2.933333333333333,-8,22.1,22.2,-0.1,-0.12900000000000011,0.6647666666666667,0.7927666666666667,-0.12799999999999997,0,11.6,10.433333333333334,1.1666666666666667,8,45.0,44.86666666666667,0.13333333333333333,2,20.666666666666668,20.033333333333335,0.6333333333333333,-5,6.833333333333333,6.433333333333334,0.4,-3,5.566666666666666,5.5,0.06666666666666667,5,12.3,12.3,0.0,0,20.266666666666666,18.8,1.4666666666666666
31,MIA,32,2016-12-27,Home,OKC,L,94,106,36,82,0.439,7,22,0.318,15,21,0.7140000000000001,9,32,14,10,4,12,23,42,82,0.512,5,19,0.263,17,25,0.68,14,46,21,3,4,17,21,-12,98.58064516129032,101.41935483870968,-2.838709677419355,-6,37.87096774193548,37.96774193548387,-0.0967741935483871,0,86.45161290322581,85.80645161290323,0.6451612903225806,-0.07300000000000001,0.43861290322580637,0.4434516129032258,-0.004838709677419343,2,8.419354838709678,8.0,0.41935483870967744,3,24.903225806451612,22.93548387096774,1.967741935483871,0.05499999999999999,0.3351935483870968,0.34312903225806457,-0.00793548387096774,-2,14.419354838709678,17.483870967741936,-3.064516129032258,-4,21.806451612903224,22.161290322580644,-0.3548387096774194,0.03400000000000003,0.6606774193548388,0.7887096774193549,-0.1280322580645161,-5,11.580645161290322,10.451612903225806,1.1290322580645162,-14,45.45161290322581,45.064516129032256,0.3870967741935484,-7,20.612903225806452,19.93548387096774,0.6774193548387096,7,6.741935483870968,6.516129032258065,0.22580645161290322,0,5.516129032258065,5.548387096774194,-0.03225806451612903,-5,12.35483870967742,12.193548387096774,0.16129032258064516,2,20.258064516129032,18.838709677419356,1.4193548387096775
32,MIA,33,2016-12-29,Away,CHO,L,82,91,33,82,0.402,10,28,0.35700000000000004,6,13,0.462,4,46,26,6,10,16,19,36,93,0.387,5,26,0.192,14,18,0.778,11,54,18,9,8,8,11,-9,98.4375,101.5625,-3.125,-3,37.8125,38.09375,-0.28125,-11,86.3125,85.6875,0.625,0.015000000000000013,0.43862499999999993,0.44559375,-0.006968749999999989,5,8.375,7.90625,0.46875,2,24.8125,22.8125,2.0,0.16500000000000004,0.33465625000000004,0.34062500000000007,-0.005968749999999998,-8,14.4375,17.46875,-3.03125,-5,21.78125,22.25,-0.46875,-0.316,0.66234375,0.7853125000000001,-0.12296874999999996,-7,11.5,10.5625,0.9375,-8,45.03125,45.09375,-0.0625,8,20.40625,19.96875,0.4375,-3,6.84375,6.40625,0.4375,2,5.46875,5.5,-0.03125,8,12.34375,12.34375,0.0,8,20.34375,18.90625,1.4375
33,MIA,34,2016-12-30,Away,BOS,L,114,117,48,90,0.5329999999999999,11,28,0.393,7,10,0.7,9,39,35,7,8,12,20,38,74,0.514,17,32,0.531,24,29,0.828,5,30,28,6,2,13,11,-3,97.93939393939394,101.24242424242425,-3.303030303030303,10,37.666666666666664,38.03030303030303,-0.36363636363636365,16,86.18181818181819,85.9090909090909,0.2727272727272727,0.018999999999999906,0.4375151515151514,0.44381818181818183,-0.006303030303030292,-6,8.424242424242424,7.818181818181818,0.6060606060606061,-4,24.90909090909091,22.90909090909091,2.0,-0.138,0.33533333333333337,0.3361212121212122,-0.0007878787878787852,-17,14.181818181818182,17.363636363636363,-3.1818181818181817,-19,21.515151515151516,22.12121212121212,-0.6060606060606061,-0.128,0.6562727272727272,0.7850909090909092,-0.12881818181818178,4,11.272727272727273,10.575757575757576,0.696969696969697,9,45.06060606060606,45.36363636363637,-0.30303030303030304,7,20.575757575757574,19.90909090909091,0.6666666666666666,1,6.818181818181818,6.484848484848484,0.3333333333333333,6,5.606060606060606,5.575757575757576,0.030303030303030304,-1,12.454545454545455,12.212121212121213,0.24242424242424243,9,20.303030303030305,18.666666666666668,1.6363636363636365
34,MIA,35,2017-01-01,Home,DET,L,98,107,35,77,0.455,14,26,0.5379999999999999,14,18,0.778,3,34,25,6,4,10,22,42,86,0.488,9,22,0.409,14,22,0.636,10,48,16,7,5,12,18,-9,98.41176470588235,101.70588235294117,-3.2941176470588234,-7,37.970588235294116,38.029411764705884,-0.058823529411764705,-9,86.29411764705883,85.55882352941177,0.7352941176470589,-0.032999999999999974,0.4403235294117646,0.44588235294117645,-0.005558823529411757,5,8.5,8.088235294117647,0.4117647058823529,4,25.0,23.176470588235293,1.8235294117647058,0.12899999999999995,0.3370294117647059,0.3418529411764707,-0.004823529411764704,0,13.970588235294118,17.558823529411764,-3.588235294117647,-4,21.176470588235293,22.323529411764707,-1.1470588235294117,0.14200000000000002,0.6575588235294118,0.7863529411764706,-0.12879411764705878,-7,11.205882352941176,10.411764705882353,0.7941176470588235,-14,44.88235294117647,44.911764705882355,-0.029411764705882353,9,21.0,20.147058823529413,0.8529411764705882,-1,6.823529411764706,6.470588235294118,0.35294117647058826,-1,5.676470588235294,5.470588235294118,0.20588235294117646,-2,12.441176470588236,12.235294117647058,0.20588235294117646,4,20.294117647058822,18.441176470588236,1.8529411764705883
35,MIA,36,2017-01-03,Away,PHO,L,90,99,36,91,0.396,6,23,0.261,12,16,0.75,15,43,18,8,4,12,23,36,77,0.468,9,23,0.391,18,22,0.818,13,49,21,7,7,18,23,-9,98.4,101.85714285714286,-3.4571428571428573,0,37.885714285714286,38.142857142857146,-0.2571428571428571,14,86.02857142857142,85.57142857142857,0.45714285714285713,-0.07200000000000001,0.44074285714285705,0.44708571428571425,-0.0063428571428571345,-3,8.657142857142857,8.114285714285714,0.5428571428571428,0,25.02857142857143,23.142857142857142,1.8857142857142857,-0.13,0.3427714285714286,0.34377142857142867,-0.0009999999999999994,-6,13.971428571428572,17.457142857142856,-3.4857142857142858,-6,21.085714285714285,22.314285714285713,-1.2285714285714286,-0.06799999999999995,0.6609999999999999,0.7820571428571429,-0.12105714285714281,2,10.971428571428572,10.4,0.5714285714285714,-6,44.57142857142857,45.0,-0.42857142857142855,-3,21.114285714285714,20.02857142857143,1.0857142857142856,1,6.8,6.485714285714286,0.3142857142857143,-3,5.628571428571429,5.457142857142857,0.17142857142857143,-6,12.371428571428572,12.228571428571428,0.14285714285714285,0,20.34285714285714,18.428571428571427,1.9142857142857144
36,MIA,37,2017-01-04,Away,SAC,W,107,102,35,72,0.486,12,28,0.429,25,29,0.862,7,39,24,8,9,18,20,40,78,0.513,8,20,0.4,14,17,0.8240000000000001,4,26,26,8,3,16,28,5,98.16666666666667,101.77777777777777,-3.611111111111111,-5,37.833333333333336,38.083333333333336,-0.25,-6,86.16666666666667,85.33333333333333,0.8333333333333334,-0.027000000000000024,0.43949999999999995,0.44766666666666666,-0.008166666666666659,4,8.583333333333334,8.13888888888889,0.4444444444444444,8,24.97222222222222,23.13888888888889,1.8333333333333333,0.02899999999999997,0.3405,0.3450833333333334,-0.0045833333333333325,11,13.916666666666666,17.47222222222222,-3.5555555555555554,12,20.944444444444443,22.305555555555557,-1.3611111111111112,0.03799999999999992,0.6634722222222221,0.7830555555555556,-0.11958333333333328,3,11.083333333333334,10.472222222222221,0.6111111111111112,13,44.52777777777778,45.111111111111114,-0.5833333333333334,-2,21.02777777777778,20.055555555555557,0.9722222222222222,0,6.833333333333333,6.5,0.3333333333333333,6,5.583333333333333,5.5,0.08333333333333333,2,12.36111111111111,12.38888888888889,-0.027777777777777776,-8,20.416666666666668,18.555555555555557,1.8611111111111112
37,MIA,38,2017-01-06,Away,LAL,L,100,127,38,92,0.413,8,32,0.25,16,27,0.593,11,41,17,5,7,10,23,48,96,0.5,10,28,0.35700000000000004,21,29,0.7240000000000001,18,62,22,6,2,11,22,-27,98.4054054054054,101.78378378378379,-3.3783783783783785,-10,37.75675675675676,38.13513513513514,-0.3783783783783784,-4,85.78378378378379,85.13513513513513,0.6486486486486487,-0.08700000000000002,0.44075675675675663,0.44943243243243247,-0.008675675675675669,-2,8.675675675675675,8.135135135135135,0.5405405405405406,4,25.054054054054053,23.054054054054053,2.0,-0.10700000000000004,0.3428918918918919,0.3465675675675677,-0.0036756756756756758,-5,14.216216216216216,17.37837837837838,-3.1621621621621623,-2,21.16216216216216,22.16216216216216,-1.0,-0.13100000000000012,0.6688378378378378,0.7841621621621623,-0.11532432432432427,-7,10.972972972972974,10.297297297297296,0.6756756756756757,-21,44.37837837837838,44.5945945945946,-0.21621621621621623,-5,21.10810810810811,20.216216216216218,0.8918918918918919,-1,6.864864864864865,6.54054054054054,0.32432432432432434,5,5.675675675675675,5.4324324324324325,0.24324324324324326,-1,12.513513513513514,12.486486486486486,0.02702702702702703,1,20.405405405405407,18.81081081081081,1.5945945945945945
38,MIA,39,2017-01-08,Away,LAC,L,86,98,31,84,0.369,7,27,0.259,17,21,0.81,11,50,14,6,5,15,21,36,86,0.419,9,30,0.3,17,25,0.68,9,51,27,8,3,11,20,-12,98.44736842105263,102.44736842105263,-4.0,-5,37.76315789473684,38.39473684210526,-0.631578947368421,-2,85.94736842105263,85.42105263157895,0.5263157894736842,-0.04999999999999999,0.4400263157894736,0.45076315789473687,-0.01073684210526315,-2,8.657894736842104,8.18421052631579,0.47368421052631576,-3,25.236842105263158,23.18421052631579,2.0526315789473686,-0.04099999999999998,0.34044736842105267,0.346842105263158,-0.006394736842105265,0,14.263157894736842,17.473684210526315,-3.210526315789474,-4,21.31578947368421,22.342105263157894,-1.0263157894736843,0.13,0.6668421052631578,0.7825789473684212,-0.1157368421052631,2,10.973684210526315,10.5,0.47368421052631576,-1,44.28947368421053,45.05263157894737,-0.7631578947368421,-13,21.0,20.263157894736842,0.7368421052631579,-2,6.815789473684211,6.526315789473684,0.2894736842105263,2,5.7105263157894735,5.342105263157895,0.3684210526315789,4,12.447368421052632,12.447368421052632,0.0,1,20.473684210526315,18.894736842105264,1.5789473684210527
39,MIA,40,2017-01-10,Away,GSW,L,95,107,38,90,0.422,6,30,0.2,13,17,0.765,6,46,25,6,4,11,22,39,86,0.453,11,27,0.407,18,22,0.818,5,48,28,6,7,11,16,-12,98.12820512820512,102.33333333333333,-4.205128205128205,-1,37.58974358974359,38.333333333333336,-0.7435897435897436,4,85.8974358974359,85.43589743589743,0.46153846153846156,-0.031000000000000028,0.43820512820512814,0.449948717948718,-0.011743589743589737,-5,8.615384615384615,8.205128205128204,0.41025641025641024,3,25.28205128205128,23.358974358974358,1.9230769230769231,-0.20699999999999996,0.3383589743589744,0.3456410256410257,-0.007282051282051283,-5,14.333333333333334,17.46153846153846,-3.128205128205128,-5,21.307692307692307,22.41025641025641,-1.1025641025641026,-0.052999999999999936,0.6705128205128204,0.779948717948718,-0.10943589743589739,1,10.974358974358974,10.461538461538462,0.5128205128205128,-2,44.43589743589744,45.205128205128204,-0.7692307692307693,-3,20.82051282051282,20.435897435897434,0.38461538461538464,0,6.794871794871795,6.564102564102564,0.23076923076923078,-3,5.6923076923076925,5.282051282051282,0.41025641025641024,0,12.512820512820513,12.41025641025641,0.10256410256410256,6,20.487179487179485,18.923076923076923,1.564102564102564
40,MIA,41,2017-01-13,Away,MIL,L,108,116,41,83,0.494,12,32,0.375,14,18,0.778,4,27,33,6,8,8,21,40,80,0.5,9,15,0.6,27,31,0.871,13,46,28,8,6,11,18,-8,98.05,102.45,-4.4,1,37.6,38.35,-0.75,3,86.0,85.45,0.55,-0.006000000000000005,0.4377999999999999,0.450025,-0.012224999999999995,3,8.55,8.275,0.275,17,25.4,23.45,1.95,-0.22499999999999998,0.33490000000000003,0.3471750000000001,-0.012275,-13,14.3,17.475,-3.175,-13,21.2,22.4,-1.2,-0.09299999999999997,0.6728749999999999,0.7809000000000001,-0.10802499999999995,-9,10.85,10.325,0.525,-19,44.475,45.275,-0.8,5,20.925,20.625,0.3,-2,6.775,6.55,0.225,2,5.65,5.325,0.325,-3,12.475,12.375,0.1,3,20.525,18.85,1.675
41,MIA,42,2017-01-17,Home,HOU,W,109,103,42,90,0.467,9,29,0.31,16,24,0.667,11,52,21,11,1,15,24,36,90,0.4,9,39,0.231,22,28,0.7859999999999999,11,49,21,8,3,17,16,6,98.29268292682927,102.78048780487805,-4.487804878048781,6,37.68292682926829,38.390243902439025,-0.7073170731707317,0,85.92682926829268,85.3170731707317,0.6097560975609756,0.067,0.439170731707317,0.4512439024390244,-0.012073170731707312,0,8.634146341463415,8.292682926829269,0.34146341463414637,-10,25.5609756097561,23.24390243902439,2.317073170731707,0.07899999999999999,0.3358780487804878,0.35334146341463424,-0.01746341463414634,-6,14.292682926829269,17.70731707317073,-3.4146341463414633,-4,21.121951219512194,22.609756097560975,-1.4878048780487805,-0.11899999999999988,0.6754390243902437,0.7830975609756099,-0.1076585365853658,0,10.682926829268293,10.390243902439025,0.2926829268292683,3,44.048780487804876,45.292682926829265,-1.2439024390243902,0,21.21951219512195,20.804878048780488,0.4146341463414634,3,6.7560975609756095,6.585365853658536,0.17073170731707318,-2,5.7073170731707314,5.341463414634147,0.36585365853658536,-2,12.365853658536585,12.341463414634147,0.024390243902439025,8,20.536585365853657,18.829268292682926,1.7073170731707317
42,MIA,43,2017-01-19,Home,DAL,W,99,95,35,73,0.479,9,20,0.45,20,29,0.69,6,40,16,4,1,13,15,37,82,0.451,14,36,0.389,7,11,0.636,5,33,17,4,3,9,20,4,98.54761904761905,102.78571428571429,-4.238095238095238,-2,37.785714285714285,38.333333333333336,-0.5476190476190477,-9,86.02380952380952,85.42857142857143,0.5952380952380952,0.02799999999999997,0.43983333333333324,0.4500238095238095,-0.010190476190476186,-5,8.642857142857142,8.30952380952381,0.3333333333333333,-16,25.642857142857142,23.61904761904762,2.0238095238095237,0.061,0.3352619047619048,0.35042857142857153,-0.015166666666666667,13,14.333333333333334,17.80952380952381,-3.4761904761904763,18,21.19047619047619,22.738095238095237,-1.5476190476190477,0.05399999999999994,0.6752380952380952,0.7831666666666669,-0.10792857142857137,1,10.69047619047619,10.404761904761905,0.2857142857142857,7,44.23809523809524,45.38095238095238,-1.1428571428571428,-1,21.214285714285715,20.80952380952381,0.40476190476190477,0,6.857142857142857,6.619047619047619,0.23809523809523808,-2,5.595238095238095,5.285714285714286,0.30952380952380953,4,12.428571428571429,12.452380952380953,-0.023809523809523808,-5,20.61904761904762,18.761904761904763,1.8571428571428572
43,MIA,44,2017-01-21,Home,MIL,W,109,97,41,77,0.532,13,30,0.433,14,22,0.636,5,39,18,8,3,11,24,33,79,0.418,6,18,0.333,25,32,0.7809999999999999,12,41,17,6,2,11,18,12,98.55813953488372,102.6046511627907,-4.046511627906977,8,37.72093023255814,38.30232558139535,-0.5813953488372093,-2,85.72093023255815,85.34883720930233,0.37209302325581395,0.11400000000000005,0.4407441860465115,0.450046511627907,-0.009302325581395344,7,8.651162790697674,8.44186046511628,0.20930232558139536,12,25.511627906976745,23.906976744186046,1.6046511627906976,0.09999999999999998,0.33793023255813953,0.3513255813953489,-0.013395348837209303,-11,14.465116279069768,17.558139534883722,-3.0930232558139537,-10,21.372093023255815,22.46511627906977,-1.0930232558139534,-0.1449999999999999,0.6755813953488371,0.7797441860465119,-0.10416279069767435,-7,10.581395348837209,10.279069767441861,0.3023255813953488,-2,44.13953488372093,45.093023255813954,-0.9534883720930233,1,21.093023255813954,20.72093023255814,0.37209302325581395,2,6.790697674418604,6.558139534883721,0.23255813953488372,1,5.488372093023256,5.232558139534884,0.2558139534883721,0,12.44186046511628,12.372093023255815,0.06976744186046512,6,20.488372093023255,18.790697674418606,1.697674418604651
44,MIA,45,2017-01-23,Home,GSW,W,105,102,38,86,0.442,13,30,0.433,16,27,0.593,11,45,20,9,4,13,19,41,88,0.466,8,30,0.267,12,20,0.6,7,43,27,9,4,14,20,3,98.79545454545455,102.47727272727273,-3.6818181818181817,-3,37.79545454545455,38.18181818181818,-0.38636363636363635,-2,85.52272727272727,85.20454545454545,0.3181818181818182,-0.02400000000000002,0.4428181818181817,0.4493181818181818,-0.0064999999999999945,5,8.75,8.386363636363637,0.36363636363636365,0,25.613636363636363,23.772727272727273,1.8409090909090908,0.16599999999999998,0.3400909090909091,0.350909090909091,-0.01081818181818182,4,14.454545454545455,17.727272727272727,-3.272727272727273,7,21.386363636363637,22.681818181818183,-1.2954545454545454,-0.007000000000000006,0.674681818181818,0.7797727272727275,-0.10509090909090903,4,10.454545454545455,10.318181818181818,0.13636363636363635,2,44.02272727272727,45.0,-0.9772727272727273,-7,21.022727272727273,20.636363636363637,0.38636363636363635,0,6.818181818181818,6.545454545454546,0.2727272727272727,0,5.431818181818182,5.159090909090909,0.2727272727272727,-1,12.409090909090908,12.340909090909092,0.06818181818181818,-1,20.568181818181817,18.772727272727273,1.7954545454545454
45,MIA,46,2017-01-25,Away,BRK,W,109,106,40,83,0.482,11,23,0.478,18,25,0.72,6,40,23,7,6,10,25,35,80,0.438,13,35,0.371,23,26,0.885,4,33,20,3,4,15,25,3,98.93333333333334,102.46666666666667,-3.533333333333333,5,37.8,38.24444444444445,-0.4444444444444444,3,85.53333333333333,85.26666666666667,0.26666666666666666,0.043999999999999984,0.44279999999999986,0.4496888888888889,-0.006888888888888884,-2,8.844444444444445,8.377777777777778,0.4666666666666667,-12,25.711111111111112,23.91111111111111,1.8,0.10699999999999998,0.34215555555555555,0.3490444444444445,-0.0068888888888888914,-5,14.488888888888889,17.6,-3.111111111111111,-1,21.511111111111113,22.622222222222224,-1.1111111111111112,-0.16500000000000004,0.6728666666666666,0.775777777777778,-0.10291111111111104,2,10.466666666666667,10.244444444444444,0.2222222222222222,7,44.044444444444444,44.955555555555556,-0.9111111111111111,3,21.0,20.77777777777778,0.2222222222222222,4,6.866666666666666,6.6,0.26666666666666666,2,5.4,5.133333333333334,0.26666666666666666,-5,12.422222222222222,12.377777777777778,0.044444444444444446,0,20.533333333333335,18.8,1.7333333333333334
46,MIA,47,2017-01-27,Away,CHI,W,100,88,41,89,0.461,9,24,0.375,9,11,0.818,7,40,25,14,2,10,17,33,78,0.423,3,13,0.231,19,25,0.76,9,43,19,7,9,21,12,12,99.15217391304348,102.54347826086956,-3.391304347826087,8,37.84782608695652,38.17391304347826,-0.32608695652173914,11,85.47826086956522,85.15217391304348,0.32608695652173914,0.038000000000000034,0.44365217391304335,0.4494347826086956,-0.005782608695652169,6,8.891304347826088,8.478260869565217,0.41304347826086957,11,25.652173913043477,24.152173913043477,1.5,0.144,0.3451086956521739,0.3495217391304348,-0.004413043478260872,-10,14.565217391304348,17.717391304347824,-3.152173913043478,-14,21.58695652173913,22.695652173913043,-1.108695652173913,0.05799999999999994,0.673891304347826,0.7781521739130437,-0.10426086956521732,-2,10.369565217391305,10.108695652173912,0.2608695652173913,-3,43.95652173913044,44.69565217391305,-0.7391304347826086,6,21.043478260869566,20.76086956521739,0.2826086956521739,7,6.869565217391305,6.521739130434782,0.34782608695652173,-7,5.413043478260869,5.108695652173913,0.30434782608695654,-11,12.369565217391305,12.434782608695652,-0.06521739130434782,5,20.630434782608695,18.934782608695652,1.6956521739130435
47,MIA,48,2017-01-28,Home,DET,W,116,103,42,80,0.525,14,28,0.5,18,23,0.7829999999999999,9,38,18,6,6,11,19,46,89,0.517,4,12,0.333,7,12,0.583,13,42,11,6,3,12,16,13,99.17021276595744,102.23404255319149,-3.0638297872340425,-4,37.91489361702128,38.06382978723404,-0.14893617021276595,-9,85.55319148936171,85.0,0.5531914893617021,0.008000000000000007,0.44402127659574453,0.44887234042553187,-0.004851063829787229,10,8.893617021276595,8.361702127659575,0.5319148936170213,16,25.617021276595743,23.914893617021278,1.702127659574468,0.16699999999999998,0.34574468085106386,0.3470000000000001,-0.001255319148936173,11,14.446808510638299,17.74468085106383,-3.297872340425532,11,21.361702127659573,22.74468085106383,-1.3829787234042554,0.19999999999999996,0.6769574468085106,0.7777659574468087,-0.10080851063829781,-4,10.297872340425531,10.085106382978724,0.2127659574468085,-4,43.87234042553192,44.659574468085104,-0.7872340425531915,7,21.127659574468087,20.72340425531915,0.40425531914893614,0,7.0212765957446805,6.531914893617022,0.48936170212765956,3,5.340425531914893,5.191489361702128,0.14893617021276595,-1,12.319148936170214,12.617021276595745,-0.2978723404255319,3,20.5531914893617,18.78723404255319,1.7659574468085106
48,MIA,49,2017-01-30,Home,BRK,W,104,96,39,82,0.476,11,26,0.423,15,23,0.652,5,34,22,9,8,11,18,37,87,0.425,4,26,0.154,18,22,0.818,15,53,16,7,4,16,23,8,99.52083333333333,102.25,-2.7291666666666665,2,38.0,38.229166666666664,-0.22916666666666666,-5,85.4375,85.08333333333333,0.3541666666666667,0.05099999999999999,0.44570833333333315,0.4502916666666666,-0.004583333333333328,7,9.0,8.270833333333334,0.7291666666666666,0,25.666666666666668,23.666666666666668,2.0,0.269,0.3489583333333333,0.3467083333333334,0.002249999999999997,-3,14.520833333333334,17.520833333333332,-3.0,1,21.395833333333332,22.520833333333332,-1.125,-0.16599999999999993,0.6791666666666666,0.7737083333333334,-0.0945416666666666,-10,10.270833333333334,10.145833333333334,0.125,-19,43.75,44.604166666666664,-0.8541666666666666,6,21.0625,20.520833333333332,0.5416666666666666,2,7.0,6.520833333333333,0.4791666666666667,4,5.354166666666667,5.145833333333333,0.20833333333333334,-5,12.291666666666666,12.604166666666666,-0.3125,-5,20.520833333333332,18.729166666666668,1.7916666666666667
49,MIA,50,2017-02-01,Home,ATL,W,116,93,45,93,0.484,12,32,0.375,14,19,0.737,10,47,23,10,11,12,18,34,86,0.395,7,26,0.269,18,21,0.857,9,43,13,10,6,15,14,23,99.61224489795919,102.12244897959184,-2.510204081632653,11,38.02040816326531,38.204081632653065,-0.1836734693877551,7,85.36734693877551,85.12244897959184,0.24489795918367346,0.08899999999999997,0.4463265306122447,0.4497755102040816,-0.00344897959183673,5,9.040816326530612,8.183673469387756,0.8571428571428571,6,25.6734693877551,23.714285714285715,1.9591836734693877,0.10599999999999998,0.350469387755102,0.3427755102040817,0.0076938775510204055,-4,14.53061224489796,17.53061224489796,-3.0,-2,21.428571428571427,22.510204081632654,-1.0816326530612246,-0.12,0.6786122448979591,0.7746122448979592,-0.09599999999999995,1,10.16326530612245,10.244897959183673,-0.08163265306122448,4,43.55102040816327,44.775510204081634,-1.2244897959183674,10,21.081632653061224,20.428571428571427,0.6530612244897959,0,7.040816326530612,6.530612244897959,0.5102040816326531,5,5.408163265306122,5.122448979591836,0.2857142857142857,-3,12.26530612244898,12.673469387755102,-0.40816326530612246,4,20.46938775510204,18.816326530612244,1.653061224489796
50,MIA,51,2017-02-04,Home,PHI,W,125,102,48,82,0.585,12,22,0.545,17,23,0.7390000000000001,10,49,28,6,5,21,24,35,84,0.417,6,23,0.261,26,31,0.8390000000000001,6,33,20,10,1,15,21,23,99.94,101.94,-2.0,13,38.16,38.12,0.04,-2,85.52,85.14,0.38,0.16799999999999998,0.44707999999999987,0.44867999999999997,-0.001599999999999996,6,9.1,8.16,0.94,-1,25.8,23.76,2.04,0.28400000000000003,0.35095999999999994,0.34130000000000005,0.009659999999999997,-9,14.52,17.54,-3.02,-8,21.38,22.48,-1.1,-0.09999999999999998,0.6797799999999999,0.7762600000000001,-0.09647999999999994,4,10.16,10.22,-0.06,16,43.62,44.74,-1.12,8,21.12,20.28,0.84,-4,7.1,6.6,0.5,4,5.52,5.14,0.38,6,12.26,12.72,-0.46,3,20.42,18.72,1.7
51,MIA,52,2017-02-06,Away,MIN,W,115,113,45,86,0.523,15,28,0.536,10,14,0.7140000000000001,13,38,27,5,5,17,21,43,80,0.5379999999999999,5,11,0.455,22,28,0.7859999999999999,8,34,25,13,1,10,15,2,100.43137254901961,101.94117647058823,-1.5098039215686274,2,38.35294117647059,38.05882352941177,0.29411764705882354,6,85.45098039215686,85.11764705882354,0.3333333333333333,-0.014999999999999902,0.44978431372549005,0.44805882352941173,0.001725490196078435,10,9.156862745098039,8.117647058823529,1.0392156862745099,17,25.725490196078432,23.745098039215687,1.9803921568627452,0.08100000000000002,0.3547647058823529,0.33972549019607845,0.015039215686274508,-12,14.568627450980392,17.705882352941178,-3.1372549019607843,-14,21.41176470588235,22.647058823529413,-1.2352941176470589,-0.07199999999999984,0.6809411764705882,0.7774901960784314,-0.09654901960784308,5,10.156862745098039,10.137254901960784,0.0196078431372549,4,43.72549019607843,44.509803921568626,-0.7843137254901961,2,21.254901960784313,20.274509803921568,0.9803921568627451,-8,7.078431372549019,6.666666666666667,0.4117647058823529,4,5.509803921568627,5.0588235294117645,0.45098039215686275,7,12.431372549019608,12.764705882352942,-0.3333333333333333,6,20.49019607843137,18.764705882352942,1.7254901960784315
52,MIA,53,2017-02-08,Away,MIL,W,106,88,41,86,0.477,11,33,0.333,13,18,0.722,14,48,23,5,5,15,21,33,71,0.465,6,15,0.4,16,28,0.5710000000000001,5,33,18,10,4,12,18,18,100.71153846153847,102.15384615384616,-1.4423076923076923,8,38.48076923076923,38.15384615384615,0.3269230769230769,15,85.46153846153847,85.01923076923077,0.4423076923076923,0.011999999999999955,0.45119230769230756,0.4497884615384615,0.0014038461538461594,5,9.26923076923077,8.057692307692308,1.2115384615384615,18,25.76923076923077,23.5,2.269230769230769,-0.067,0.35825,0.34194230769230766,0.016307692307692304,-3,14.48076923076923,17.78846153846154,-3.3076923076923075,-10,21.26923076923077,22.75,-1.4807692307692308,0.1509999999999999,0.681576923076923,0.7776538461538463,-0.09607692307692302,9,10.211538461538462,10.096153846153847,0.11538461538461539,15,43.61538461538461,44.30769230769231,-0.6923076923076923,5,21.365384615384617,20.365384615384617,1.0,-5,7.038461538461538,6.788461538461538,0.25,1,5.5,4.980769230769231,0.5192307692307693,3,12.51923076923077,12.711538461538462,-0.19230769230769232,3,20.5,18.692307692307693,1.8076923076923077
53,MIA,54,2017-02-10,Away,BRK,W,108,99,41,92,0.446,7,23,0.304,19,21,0.905,13,46,16,11,7,14,21,35,81,0.4320000000000001,8,20,0.4,21,28,0.75,15,48,19,4,6,22,18,9,100.81132075471699,101.88679245283019,-1.0754716981132075,6,38.528301886792455,38.056603773584904,0.4716981132075472,11,85.47169811320755,84.75471698113208,0.7169811320754716,0.013999999999999901,0.4516792452830187,0.4500754716981132,0.0016037735849056649,-1,9.30188679245283,8.018867924528301,1.2830188679245282,3,25.90566037735849,23.339622641509433,2.5660377358490565,-0.09600000000000003,0.35777358490566036,0.34303773584905656,0.014735849056603773,-2,14.452830188679245,17.754716981132077,-3.30188679245283,-7,21.20754716981132,22.849056603773583,-1.6415094339622642,0.15500000000000003,0.6823396226415094,0.7737547169811321,-0.09141509433962258,-2,10.283018867924529,10.0,0.2830188679245283,-2,43.698113207547166,44.094339622641506,-0.39622641509433965,-3,21.39622641509434,20.32075471698113,1.0754716981132075,7,7.0,6.849056603773585,0.1509433962264151,1,5.490566037735849,4.962264150943396,0.5283018867924528,-8,12.566037735849056,12.69811320754717,-0.1320754716981132,3,20.50943396226415,18.67924528301887,1.830188679245283
54,MIA,55,2017-02-11,Away,PHI,L,109,117,39,85,0.459,7,24,0.292,24,28,0.857,11,49,15,4,4,19,27,39,86,0.453,9,25,0.36,30,38,0.789,11,38,27,15,8,10,21,-8,100.94444444444444,101.83333333333333,-0.8888888888888888,0,38.574074074074076,38.0,0.5740740740740741,-1,85.5925925925926,84.68518518518519,0.9074074074074074,0.006000000000000005,0.45157407407407396,0.4497407407407407,0.001833333333333336,-2,9.25925925925926,8.018518518518519,1.2407407407407407,-1,25.85185185185185,23.27777777777778,2.574074074074074,-0.068,0.35677777777777775,0.3440925925925925,0.012685185185185181,-6,14.537037037037036,17.814814814814813,-3.2777777777777777,-10,21.203703703703702,22.944444444444443,-1.7407407407407407,0.06799999999999995,0.6864629629629628,0.7733148148148148,-0.08685185185185179,0,10.333333333333334,10.092592592592593,0.24074074074074073,11,43.74074074074074,44.166666666666664,-0.42592592592592593,-12,21.296296296296298,20.296296296296298,1.0,-11,7.074074074074074,6.796296296296297,0.2777777777777778,-4,5.518518518518518,4.981481481481482,0.5370370370370371,9,12.592592592592593,12.87037037037037,-0.2777777777777778,6,20.51851851851852,18.666666666666668,1.8518518518518519
55,MIA,56,2017-02-13,Home,ORL,L,107,116,39,83,0.47,6,22,0.273,23,27,0.852,6,37,14,7,7,14,25,44,90,0.489,8,14,0.5710000000000001,20,29,0.69,15,52,18,9,3,14,22,-9,101.0909090909091,102.10909090909091,-1.018181818181818,-5,38.58181818181818,38.018181818181816,0.5636363636363636,-7,85.58181818181818,84.7090909090909,0.8727272727272727,-0.019000000000000017,0.4517090909090908,0.4497999999999999,0.0019090909090909117,-2,9.218181818181819,8.036363636363637,1.1818181818181819,8,25.818181818181817,23.30909090909091,2.5090909090909093,-0.29800000000000004,0.35559999999999997,0.3443818181818181,0.011218181818181815,3,14.709090909090909,18.036363636363635,-3.327272727272727,-2,21.327272727272728,23.21818181818182,-1.8909090909090909,0.16200000000000003,0.6895636363636363,0.7736000000000001,-0.08403636363636359,-9,10.345454545454546,10.10909090909091,0.23636363636363636,-15,43.836363636363636,44.054545454545455,-0.21818181818181817,-4,21.181818181818183,20.418181818181818,0.7636363636363637,-2,7.0181818181818185,6.945454545454545,0.07272727272727272,4,5.490909090909091,5.036363636363636,0.45454545454545453,0,12.709090909090909,12.818181818181818,-0.10909090909090909,3,20.636363636363637,18.70909090909091,1.9272727272727272
56,MIA,57,2017-02-15,Away,HOU,W,117,109,44,84,0.524,13,35,0.371,16,24,0.667,12,46,27,3,7,11,20,36,87,0.414,13,40,0.325,24,31,0.774,15,41,22,6,1,8,23,8,101.19642857142857,102.35714285714286,-1.1607142857142858,8,38.589285714285715,38.125,0.4642857142857143,-3,85.53571428571429,84.80357142857143,0.7321428571428571,0.11000000000000004,0.45203571428571415,0.45049999999999996,0.001535714285714288,0,9.160714285714286,8.035714285714286,1.125,-5,25.75,23.142857142857142,2.607142857142857,0.045999999999999985,0.35412499999999997,0.34842857142857137,0.005696428571428567,-8,14.857142857142858,18.071428571428573,-3.2142857142857144,-7,21.428571428571427,23.321428571428573,-1.8928571428571428,-0.10699999999999998,0.6924642857142855,0.7721071428571429,-0.0796428571428571,-3,10.267857142857142,10.196428571428571,0.07142857142857142,5,43.714285714285715,44.19642857142857,-0.48214285714285715,5,21.053571428571427,20.375,0.6785714285714286,-3,7.017857142857143,6.982142857142857,0.03571428571428571,6,5.517857142857143,5.0,0.5178571428571429,3,12.732142857142858,12.839285714285714,-0.10714285714285714,-3,20.714285714285715,18.767857142857142,1.9464285714285714
57,MIA,58,2017-02-24,Away,ATL,W,108,90,40,99,0.404,17,37,0.459,11,13,0.846,15,54,30,7,5,12,27,30,79,0.38,6,20,0.3,24,36,0.667,8,45,14,7,6,10,12,18,101.47368421052632,102.47368421052632,-1.0,10,38.68421052631579,38.08771929824562,0.5964912280701754,20,85.50877192982456,84.84210526315789,0.6666666666666666,0.02400000000000002,0.453298245614035,0.449859649122807,0.0034385964912280733,11,9.228070175438596,8.12280701754386,1.105263157894737,17,25.912280701754387,23.43859649122807,2.473684210526316,0.15900000000000003,0.3544210526315789,0.34801754385964906,0.006403508771929819,-13,14.87719298245614,18.17543859649123,-3.2982456140350878,-23,21.473684210526315,23.45614035087719,-1.9824561403508771,0.17899999999999994,0.692017543859649,0.772140350877193,-0.08012280701754382,7,10.298245614035087,10.280701754385966,0.017543859649122806,9,43.75438596491228,44.14035087719298,-0.38596491228070173,16,21.157894736842106,20.403508771929825,0.7543859649122807,0,6.947368421052632,6.964912280701754,-0.017543859649122806,-1,5.543859649122807,4.9298245614035086,0.6140350877192983,2,12.701754385964913,12.75438596491228,-0.05263157894736842,15,20.70175438596491,18.842105263157894,1.8596491228070176
58,MIA,59,2017-02-25,Home,IND,W,113,95,38,78,0.487,13,31,0.419,24,31,0.774,11,43,23,9,5,16,19,34,85,0.4,4,12,0.333,23,26,0.885,13,43,21,8,4,15,24,18,101.58620689655173,102.25862068965517,-0.6724137931034483,4,38.706896551724135,37.94827586206897,0.7586206896551724,-7,85.74137931034483,84.74137931034483,1.0,0.08699999999999997,0.45244827586206887,0.4486551724137931,0.0037931034482758656,9,9.362068965517242,8.086206896551724,1.2758620689655173,19,26.103448275862068,23.379310344827587,2.7241379310344827,0.08599999999999997,0.35622413793103447,0.34718965517241374,0.009034482758620687,1,14.810344827586206,18.275862068965516,-3.4655172413793105,5,21.32758620689655,23.67241379310345,-2.3448275862068964,-0.11099999999999999,0.6946724137931033,0.7703275862068966,-0.07565517241379306,-2,10.379310344827585,10.241379310344827,0.13793103448275862,0,43.93103448275862,44.1551724137931,-0.22413793103448276,2,21.310344827586206,20.29310344827586,1.0172413793103448,1,6.948275862068965,6.9655172413793105,-0.017241379310344827,1,5.5344827586206895,4.948275862068965,0.5862068965517241,1,12.689655172413794,12.706896551724139,-0.017241379310344827,-5,20.810344827586206,18.724137931034484,2.086206896551724
59,MIA,60,2017-02-27,Away,DAL,L,89,96,37,83,0.446,9,26,0.34600000000000003,6,13,0.462,13,45,21,11,4,13,18,33,76,0.434,9,18,0.5,21,23,0.913,11,42,18,5,2,13,13,-7,101.77966101694915,102.13559322033899,-0.3559322033898305,4,38.69491525423729,37.88135593220339,0.8135593220338984,7,85.61016949152543,84.7457627118644,0.864406779661017,0.01200000000000001,0.4530338983050846,0.4478305084745762,0.005203389830508477,0,9.423728813559322,8.016949152542374,1.4067796610169492,8,26.1864406779661,23.1864406779661,3.0,-0.15399999999999997,0.3572881355932203,0.3469491525423728,0.010338983050847454,-15,14.966101694915254,18.35593220338983,-3.389830508474576,-10,21.491525423728813,23.71186440677966,-2.2203389830508473,-0.451,0.6960169491525422,0.7722711864406779,-0.07625423728813555,2,10.389830508474576,10.288135593220339,0.1016949152542373,3,43.91525423728814,44.13559322033898,-0.22033898305084745,3,21.338983050847457,20.305084745762713,1.0338983050847457,6,6.983050847457627,6.983050847457627,0.0,2,5.52542372881356,4.932203389830509,0.5932203389830508,0,12.745762711864407,12.745762711864407,0.0,5,20.779661016949152,18.8135593220339,1.9661016949152543
60,MIA,61,2017-03-01,Home,PHI,W,125,98,49,90,0.544,13,30,0.433,14,21,0.667,8,42,24,9,12,13,18,37,85,0.435,6,17,0.353,18,22,0.818,10,40,16,7,4,19,22,27,101.56666666666666,102.03333333333333,-0.4666666666666667,12,38.666666666666664,37.8,0.8666666666666667,5,85.56666666666666,84.6,0.9666666666666667,0.10900000000000004,0.4529166666666666,0.44759999999999994,0.005316666666666669,7,9.416666666666666,8.033333333333333,1.3833333333333333,13,26.183333333333334,23.1,3.0833333333333335,0.08000000000000002,0.3571,0.3494999999999999,0.0075999999999999965,-4,14.816666666666666,18.4,-3.5833333333333335,-1,21.35,23.7,-2.35,-0.1509999999999999,0.6921166666666666,0.7746166666666666,-0.08249999999999995,-2,10.433333333333334,10.3,0.13333333333333333,2,43.93333333333333,44.1,-0.16666666666666666,8,21.333333333333332,20.266666666666666,1.0666666666666667,2,7.05,6.95,0.1,8,5.5,4.883333333333334,0.6166666666666667,-6,12.75,12.75,0.0,-4,20.733333333333334,18.716666666666665,2.0166666666666666
61,MIA,62,2017-03-03,Away,ORL,L,99,110,35,91,0.385,8,28,0.28600000000000003,21,25,0.84,13,46,20,7,5,9,16,45,90,0.5,5,17,0.294,15,19,0.789,8,47,27,7,6,9,13,-11,101.95081967213115,101.9672131147541,-0.01639344262295082,-10,38.83606557377049,37.78688524590164,1.0491803278688525,1,85.63934426229508,84.60655737704919,1.0327868852459017,-0.11499999999999999,0.45440983606557367,0.4473934426229508,0.007016393442622954,3,9.475409836065573,8.0,1.4754098360655739,11,26.24590163934426,23.0,3.2459016393442623,-0.007999999999999952,0.35834426229508193,0.3495573770491803,0.008786885245901637,6,14.80327868852459,18.39344262295082,-3.5901639344262297,6,21.34426229508197,23.672131147540984,-2.3278688524590163,0.050999999999999934,0.6917049180327868,0.775327868852459,-0.08362295081967207,5,10.39344262295082,10.295081967213115,0.09836065573770492,-1,43.90163934426229,44.032786885245905,-0.13114754098360656,-7,21.37704918032787,20.19672131147541,1.180327868852459,0,7.081967213114754,6.950819672131147,0.13114754098360656,-1,5.60655737704918,4.868852459016393,0.7377049180327869,0,12.754098360655737,12.852459016393443,-0.09836065573770492,3,20.688524590163933,18.770491803278688,1.9180327868852458
62,MIA,63,2017-03-04,Home,CLE,W,120,92,46,88,0.523,18,34,0.529,10,12,0.833,15,48,20,6,4,10,19,35,73,0.479,11,27,0.407,11,18,0.611,8,33,20,4,1,15,16,28,101.90322580645162,102.09677419354838,-0.1935483870967742,11,38.774193548387096,37.903225806451616,0.8709677419354839,15,85.7258064516129,84.69354838709677,1.032258064516129,0.04400000000000004,0.4532903225806451,0.4482419354838709,0.005048387096774197,7,9.451612903225806,7.951612903225806,1.5,7,26.274193548387096,22.903225806451612,3.370967741935484,0.12200000000000005,0.3571774193548387,0.3486612903225806,0.008516129032258062,-1,14.903225806451612,18.338709677419356,-3.435483870967742,-6,21.403225806451612,23.596774193548388,-2.193548387096774,0.22199999999999998,0.6940967741935483,0.7755483870967741,-0.08145161290322575,7,10.435483870967742,10.258064516129032,0.1774193548387097,15,43.935483870967744,44.08064516129032,-0.14516129032258066,0,21.35483870967742,20.306451612903224,1.0483870967741935,2,7.080645161290323,6.951612903225806,0.12903225806451613,3,5.596774193548387,4.887096774193548,0.7096774193548387,-5,12.693548387096774,12.790322580645162,-0.0967741935483871,3,20.612903225806452,18.677419354838708,1.935483870967742
63,MIA,64,2017-03-06,Away,CLE,W,106,98,39,91,0.429,16,35,0.457,12,14,0.857,8,38,23,7,6,7,19,35,78,0.449,9,27,0.333,19,29,0.655,11,52,15,3,6,17,15,8,102.19047619047619,101.93650793650794,0.25396825396825395,4,38.888888888888886,37.857142857142854,1.0317460317460319,13,85.76190476190476,84.5079365079365,1.253968253968254,-0.020000000000000018,0.4543968253968253,0.44873015873015865,0.0056666666666666705,7,9.587301587301587,8.0,1.5873015873015872,8,26.396825396825395,22.96825396825397,3.4285714285714284,0.124,0.3599047619047619,0.34958730158730156,0.010317460317460315,-7,14.825396825396826,18.22222222222222,-3.3968253968253967,-15,21.253968253968253,23.50793650793651,-2.253968253968254,0.20199999999999996,0.6963015873015873,0.7729365079365078,-0.07663492063492057,-3,10.507936507936508,10.222222222222221,0.2857142857142857,-14,44.0,43.904761904761905,0.09523809523809523,8,21.333333333333332,20.3015873015873,1.0317460317460319,4,7.063492063492063,6.904761904761905,0.15873015873015872,0,5.571428571428571,4.825396825396825,0.746031746031746,-10,12.65079365079365,12.825396825396826,-0.1746031746031746,4,20.58730158730159,18.634920634920636,1.9523809523809523
64,MIA,65,2017-03-08,Home,CHO,W,108,101,37,85,0.435,17,41,0.415,17,24,0.708,13,46,22,8,7,12,18,37,80,0.463,7,21,0.333,20,21,0.952,6,39,14,7,8,12,17,7,102.25,101.875,0.375,0,38.890625,37.8125,1.078125,5,85.84375,84.40625,1.4375,-0.028000000000000025,0.4539999999999999,0.44873437499999996,0.005265625000000004,10,9.6875,8.015625,1.671875,20,26.53125,23.03125,3.5,0.08199999999999996,0.361421875,0.34932812499999993,0.012093749999999999,-3,14.78125,18.234375,-3.453125,3,21.140625,23.59375,-2.453125,-0.244,0.6988125,0.7710937499999999,-0.07228124999999994,7,10.46875,10.234375,0.234375,7,43.90625,44.03125,-0.125,8,21.359375,20.21875,1.140625,1,7.0625,6.84375,0.21875,-1,5.578125,4.84375,0.734375,0,12.5625,12.890625,-0.328125,1,20.5625,18.578125,1.984375
65,MIA,66,2017-03-11,Home,TOR,W,104,89,35,72,0.486,11,28,0.393,23,33,0.6970000000000001,3,35,21,8,10,12,19,33,88,0.375,2,15,0.133,21,25,0.84,16,48,7,6,5,12,20,15,102.33846153846154,101.86153846153846,0.47692307692307695,2,38.86153846153846,37.8,1.0615384615384615,-16,85.83076923076923,84.33846153846154,1.4923076923076923,0.11099999999999999,0.4537076923076922,0.44895384615384615,0.004753846153846157,9,9.8,8.0,1.8,13,26.753846153846155,23.0,3.753846153846154,0.26,0.36224615384615383,0.349076923076923,0.013169230769230766,2,14.815384615384616,18.26153846153846,-3.4461538461538463,8,21.184615384615384,23.553846153846155,-2.3692307692307693,-0.1429999999999999,0.698953846153846,0.7738769230769229,-0.07492307692307686,-13,10.507692307692308,10.169230769230769,0.3384615384615385,-13,43.93846153846154,43.95384615384615,-0.015384615384615385,14,21.369230769230768,20.123076923076923,1.2461538461538462,2,7.076923076923077,6.846153846153846,0.23076923076923078,5,5.6,4.892307692307693,0.7076923076923077,0,12.553846153846154,12.876923076923077,-0.3230769230769231,-1,20.523076923076925,18.553846153846155,1.9692307692307693
66,MIA,67,2017-03-12,Away,IND,L,98,102,39,94,0.415,9,32,0.281,11,16,0.688,19,54,18,4,4,8,22,35,82,0.4270000000000001,5,15,0.333,27,32,0.8440000000000001,11,46,12,2,4,9,15,-4,102.36363636363636,101.66666666666667,0.696969696969697,4,38.803030303030305,37.72727272727273,1.0757575757575757,12,85.62121212121212,84.39393939393939,1.2272727272727273,-0.012000000000000122,0.4541969696969696,0.4478333333333333,0.0063636363636363664,4,9.818181818181818,7.909090909090909,1.9090909090909092,17,26.772727272727273,22.87878787878788,3.893939393939394,-0.05199999999999999,0.3627121212121212,0.3458030303030302,0.01690909090909091,-16,14.93939393939394,18.303030303030305,-3.3636363636363638,-16,21.363636363636363,23.575757575757574,-2.212121212121212,-0.15600000000000014,0.6989242424242423,0.7748787878787878,-0.07595454545454539,8,10.393939393939394,10.257575757575758,0.13636363636363635,8,43.803030303030305,44.015151515151516,-0.21212121212121213,6,21.363636363636363,19.924242424242426,1.4393939393939394,2,7.090909090909091,6.833333333333333,0.25757575757575757,0,5.666666666666667,4.893939393939394,0.7727272727272727,-1,12.545454545454545,12.863636363636363,-0.3181818181818182,7,20.5,18.575757575757574,1.9242424242424243
67,MIA,68,2017-03-15,Home,NOP,W,120,112,44,87,0.506,16,35,0.457,16,19,0.8420000000000001,12,45,23,9,3,15,22,42,88,0.477,9,22,0.409,19,28,0.679,8,38,21,9,5,13,13,8,102.29850746268657,101.67164179104478,0.6268656716417911,2,38.80597014925373,37.6865671641791,1.1194029850746268,-1,85.74626865671642,84.35820895522389,1.3880597014925373,0.029000000000000026,0.4536119402985073,0.44752238805970146,0.006089552238805971,7,9.805970149253731,7.865671641791045,1.9402985074626866,13,26.850746268656717,22.761194029850746,4.08955223880597,0.04800000000000004,0.36149253731343284,0.34561194029850734,0.01588059701492537,-3,14.880597014925373,18.432835820895523,-3.5522388059701493,-9,21.28358208955224,23.70149253731343,-2.417910447761194,0.16300000000000003,0.6987611940298507,0.775910447761194,-0.07714925373134321,4,10.522388059701493,10.26865671641791,0.2537313432835821,7,43.95522388059702,44.04477611940298,-0.08955223880597014,2,21.313432835820894,19.80597014925373,1.507462686567164,0,7.044776119402985,6.7611940298507465,0.2835820895522388,-2,5.641791044776119,4.880597014925373,0.7611940298507462,2,12.477611940298507,12.805970149253731,-0.3283582089552239,9,20.52238805970149,18.52238805970149,2.0
68,MIA,69,2017-03-17,Home,MIN,W,123,105,50,85,0.588,8,26,0.308,15,19,0.789,10,40,29,6,9,15,16,41,82,0.5,2,12,0.16699999999999998,21,22,0.955,9,28,14,6,6,11,21,18,102.55882352941177,101.82352941176471,0.7352941176470589,9,38.88235294117647,37.75,1.1323529411764706,3,85.76470588235294,84.41176470588235,1.3529411764705883,0.08799999999999997,0.45438235294117635,0.44795588235294115,0.006426470588235296,6,9.897058823529411,7.882352941176471,2.014705882352941,14,26.970588235294116,22.75,4.220588235294118,0.14100000000000001,0.3628970588235294,0.34654411764705867,0.016352941176470587,-6,14.897058823529411,18.441176470588236,-3.5441176470588234,-3,21.25,23.764705882352942,-2.514705882352941,-0.16599999999999993,0.7008676470588235,0.774485294117647,-0.07361764705882345,1,10.544117647058824,10.235294117647058,0.3088235294117647,12,43.970588235294116,43.955882352941174,0.014705882352941176,15,21.33823529411765,19.823529411764707,1.5147058823529411,0,7.073529411764706,6.794117647058823,0.27941176470588236,3,5.602941176470588,4.882352941176471,0.7205882352941176,4,12.514705882352942,12.808823529411764,-0.29411764705882354,-5,20.544117647058822,18.441176470588236,2.1029411764705883
69,MIA,70,2017-03-19,Home,POR,L,104,115,41,88,0.466,9,30,0.3,13,20,0.65,13,39,18,8,8,9,22,42,83,0.506,13,26,0.5,18,24,0.75,13,43,13,4,6,11,20,-11,102.85507246376811,101.8695652173913,0.9855072463768116,-1,39.04347826086956,37.79710144927536,1.2463768115942029,5,85.7536231884058,84.3768115942029,1.3768115942028984,-0.03999999999999998,0.45631884057971006,0.4487101449275362,0.007608695652173915,-4,9.869565217391305,7.797101449275362,2.072463768115942,4,26.956521739130434,22.594202898550726,4.36231884057971,-0.2,0.3621014492753623,0.34394202898550713,0.01815942028985507,-5,14.898550724637682,18.47826086956522,-3.579710144927536,-4,21.217391304347824,23.73913043478261,-2.5217391304347827,-0.09999999999999998,0.7021449275362319,0.7771014492753623,-0.07495652173913037,0,10.53623188405797,10.217391304347826,0.3188405797101449,-4,43.91304347826087,43.72463768115942,0.18840579710144928,5,21.44927536231884,19.73913043478261,1.710144927536232,4,7.057971014492754,6.782608695652174,0.2753623188405797,2,5.6521739130434785,4.898550724637682,0.7536231884057971,-2,12.55072463768116,12.782608695652174,-0.2318840579710145,2,20.47826086956522,18.47826086956522,2.0
70,MIA,71,2017-03-21,Home,PHO,W,112,97,42,96,0.438,11,27,0.407,17,23,0.7390000000000001,17,49,17,13,5,14,25,36,82,0.439,4,16,0.25,21,29,0.7240000000000001,10,41,14,5,5,24,23,15,102.87142857142857,102.05714285714286,0.8142857142857143,6,39.07142857142857,37.857142857142854,1.2142857142857142,14,85.78571428571429,84.35714285714286,1.4285714285714286,-0.0010000000000000009,0.4564571428571428,0.4495285714285714,0.006928571428571431,7,9.857142857142858,7.871428571428571,1.9857142857142858,11,27.0,22.642857142857142,4.357142857142857,0.15699999999999997,0.3612142857142857,0.34617142857142846,0.015042857142857143,-4,14.871428571428572,18.47142857142857,-3.6,-6,21.2,23.742857142857144,-2.5428571428571427,0.015000000000000013,0.7014,0.7767142857142857,-0.07531428571428564,7,10.571428571428571,10.257142857142858,0.3142857142857143,8,43.84285714285714,43.714285714285715,0.12857142857142856,3,21.4,19.642857142857142,1.7571428571428571,8,7.071428571428571,6.742857142857143,0.32857142857142857,0,5.685714285714286,4.914285714285715,0.7714285714285715,-10,12.5,12.757142857142858,-0.2571428571428571,2,20.5,18.5,2.0
71,MIA,72,2017-03-23,Home,TOR,L,84,101,32,82,0.39,6,23,0.261,14,23,0.609,10,36,20,8,11,16,23,35,79,0.443,6,23,0.261,25,32,0.7809999999999999,11,51,10,9,3,17,21,-17,103.0,101.98591549295774,1.0140845070422535,-3,39.11267605633803,37.83098591549296,1.2816901408450705,3,85.92957746478874,84.32394366197182,1.6056338028169015,-0.05299999999999999,0.4561971830985915,0.4493802816901408,0.006816901408450707,0,9.873239436619718,7.816901408450704,2.056338028169014,0,27.0,22.549295774647888,4.450704225352113,0.0,0.3618591549295775,0.3448169014084506,0.01704225352112676,-11,14.901408450704226,18.507042253521128,-3.6056338028169015,-9,21.225352112676056,23.816901408450704,-2.591549295774648,-0.17199999999999993,0.7019295774647887,0.7759718309859154,-0.0740422535211267,-1,10.661971830985916,10.253521126760564,0.4084507042253521,-15,43.91549295774648,43.67605633802817,0.23943661971830985,10,21.338028169014084,19.56338028169014,1.7746478873239437,-1,7.154929577464789,6.71830985915493,0.43661971830985913,8,5.676056338028169,4.915492957746479,0.7605633802816901,-1,12.52112676056338,12.915492957746478,-0.39436619718309857,2,20.56338028169014,18.56338028169014,2.0
72,MIA,73,2017-03-26,Away,BOS,L,108,112,41,91,0.451,7,29,0.241,19,24,0.792,16,40,19,9,5,15,22,41,77,0.532,8,24,0.333,22,25,0.88,8,35,32,8,3,16,19,-4,102.73611111111111,101.97222222222223,0.7638888888888888,0,39.013888888888886,37.791666666666664,1.2222222222222223,14,85.875,84.25,1.625,-0.08100000000000002,0.45527777777777767,0.44929166666666664,0.005986111111111113,-1,9.819444444444445,7.791666666666667,2.0277777777777777,5,26.944444444444443,22.555555555555557,4.388888888888889,-0.09200000000000003,0.3604583333333333,0.34365277777777764,0.016805555555555556,-3,14.88888888888889,18.59722222222222,-3.7083333333333335,-1,21.25,23.930555555555557,-2.6805555555555554,-0.08799999999999997,0.7006388888888888,0.7760416666666665,-0.07540277777777771,8,10.652777777777779,10.26388888888889,0.3888888888888889,5,43.80555555555556,43.77777777777778,0.027777777777777776,-13,21.319444444444443,19.430555555555557,1.8888888888888888,1,7.166666666666667,6.75,0.4166666666666667,2,5.75,4.888888888888889,0.8611111111111112,-1,12.569444444444445,12.972222222222221,-0.4027777777777778,3,20.59722222222222,18.59722222222222,2.0
73,MIA,74,2017-03-28,Away,DET,W,97,96,36,79,0.456,5,21,0.238,20,28,0.7140000000000001,11,44,18,5,4,12,18,36,85,0.424,8,27,0.29600000000000004,16,21,0.762,16,51,20,7,5,12,23,1,102.8082191780822,102.10958904109589,0.6986301369863014,0,39.04109589041096,37.83561643835616,1.2054794520547945,-6,85.94520547945206,84.15068493150685,1.7945205479452055,0.03200000000000003,0.4552191780821917,0.4504246575342466,0.0047945205479452075,-3,9.780821917808218,7.794520547945205,1.9863013698630136,-6,26.972602739726028,22.575342465753426,4.397260273972603,-0.05800000000000005,0.35882191780821915,0.34350684931506836,0.015315068493150683,4,14.945205479452055,18.643835616438356,-3.6986301369863015,7,21.28767123287671,23.945205479452056,-2.6575342465753424,-0.04799999999999993,0.7018904109589041,0.7774657534246575,-0.07557534246575336,-5,10.726027397260275,10.232876712328768,0.4931506849315068,-7,43.75342465753425,43.657534246575345,0.0958904109589041,-2,21.28767123287671,19.602739726027398,1.6849315068493151,-2,7.191780821917808,6.767123287671233,0.4246575342465753,-1,5.739726027397261,4.863013698630137,0.8767123287671232,0,12.602739726027398,13.013698630136986,-0.410958904109589,-5,20.616438356164384,18.602739726027398,2.0136986301369864
74,MIA,75,2017-03-29,Away,NYK,W,105,88,40,84,0.476,12,25,0.48,13,17,0.765,8,40,18,11,7,10,23,33,89,0.371,5,25,0.2,17,21,0.81,17,52,19,2,6,14,16,17,102.72972972972973,102.02702702702703,0.7027027027027027,7,39.0,37.810810810810814,1.1891891891891893,-5,85.85135135135135,84.16216216216216,1.6891891891891893,0.10499999999999998,0.4552297297297297,0.45006756756756755,0.005162162162162164,7,9.716216216216216,7.797297297297297,1.9189189189189189,0,26.89189189189189,22.635135135135137,4.256756756756757,0.27999999999999997,0.3571891891891892,0.3428648648648647,0.014324324324324322,-4,15.013513513513514,18.60810810810811,-3.5945945945945947,-4,21.37837837837838,23.905405405405407,-2.527027027027027,-0.04500000000000004,0.7020540540540541,0.7772567567567567,-0.07520270270270264,-9,10.72972972972973,10.31081081081081,0.4189189189189189,-12,43.75675675675676,43.75675675675676,0.0,-1,21.243243243243242,19.60810810810811,1.635135135135135,9,7.162162162162162,6.77027027027027,0.3918918918918919,1,5.716216216216216,4.864864864864865,0.8513513513513513,-4,12.594594594594595,13.0,-0.40540540540540543,7,20.58108108108108,18.66216216216216,1.9189189189189189
75,MIA,76,2017-03-31,Home,NYK,L,94,98,34,83,0.41,8,33,0.242,18,25,0.72,11,41,17,5,4,13,17,38,80,0.475,6,16,0.375,16,17,0.941,8,39,25,9,5,14,18,-4,102.76,101.84,0.92,-4,39.013333333333335,37.74666666666667,1.2666666666666666,3,85.82666666666667,84.22666666666667,1.6,-0.065,0.4555066666666666,0.4490133333333334,0.006493333333333335,2,9.746666666666666,7.76,1.9866666666666666,17,26.866666666666667,22.666666666666668,4.2,-0.133,0.3588266666666666,0.3409599999999999,0.017866666666666666,2,14.986666666666666,18.586666666666666,-3.6,8,21.32,23.866666666666667,-2.546666666666667,-0.22099999999999997,0.7028933333333334,0.7776933333333333,-0.07479999999999994,3,10.693333333333333,10.4,0.29333333333333333,2,43.70666666666666,43.86666666666667,-0.16,-8,21.2,19.6,1.6,-4,7.213333333333333,6.706666666666667,0.5066666666666667,-1,5.733333333333333,4.88,0.8533333333333334,-1,12.56,13.013333333333334,-0.4533333333333333,-1,20.613333333333333,18.626666666666665,1.9866666666666666
76,MIA,77,2017-04-02,Home,DEN,L,113,116,42,87,0.483,13,27,0.481,16,21,0.762,7,41,26,3,9,10,22,44,87,0.506,5,20,0.25,23,27,0.852,6,40,25,9,6,8,14,-3,102.64473684210526,101.78947368421052,0.8552631578947368,-2,38.94736842105263,37.75,1.1973684210526316,0,85.78947368421052,84.17105263157895,1.618421052631579,-0.02300000000000002,0.454907894736842,0.44935526315789476,0.005552631578947371,8,9.723684210526315,7.7368421052631575,1.986842105263158,7,26.94736842105263,22.57894736842105,4.368421052631579,0.23099999999999998,0.35728947368421055,0.34140789473684197,0.01588157894736842,-7,15.026315789473685,18.55263157894737,-3.526315789473684,-6,21.36842105263158,23.776315789473685,-2.4078947368421053,-0.08999999999999997,0.7031184210526316,0.7798421052631579,-0.07672368421052625,1,10.697368421052632,10.368421052631579,0.32894736842105265,1,43.671052631578945,43.80263157894737,-0.13157894736842105,1,21.144736842105264,19.67105263157895,1.4736842105263157,-6,7.184210526315789,6.7368421052631575,0.4473684210526316,3,5.7105263157894735,4.881578947368421,0.8289473684210527,2,12.56578947368421,13.026315789473685,-0.4605263157894737,8,20.56578947368421,18.61842105263158,1.9473684210526316
77,MIA,78,2017-04-05,Away,CHO,W,112,99,40,84,0.476,21,40,0.525,11,12,0.917,7,40,23,5,7,6,16,35,78,0.449,8,25,0.32,21,24,0.875,4,36,19,2,7,6,15,13,102.77922077922078,101.97402597402598,0.8051948051948052,5,38.98701298701299,37.83116883116883,1.155844155844156,6,85.8051948051948,84.20779220779221,1.5974025974025974,0.02699999999999997,0.45527272727272716,0.45009090909090915,0.005181818181818183,13,9.766233766233766,7.701298701298701,2.064935064935065,15,26.948051948051948,22.545454545454547,4.402597402597403,0.20500000000000002,0.35889610389610394,0.3402207792207791,0.01867532467532467,-10,15.03896103896104,18.61038961038961,-3.5714285714285716,-12,21.363636363636363,23.818181818181817,-2.4545454545454546,0.04200000000000004,0.7038831168831169,0.7807792207792208,-0.07689610389610382,3,10.64935064935065,10.311688311688311,0.33766233766233766,4,43.63636363636363,43.753246753246756,-0.11688311688311688,4,21.207792207792206,19.74025974025974,1.4675324675324675,3,7.12987012987013,6.766233766233766,0.36363636363636365,0,5.753246753246753,4.896103896103896,0.8571428571428571,0,12.532467532467532,12.96103896103896,-0.42857142857142855,1,20.584415584415584,18.558441558441558,2.0259740259740258
78,MIA,79,2017-04-07,Away,TOR,L,94,96,33,83,0.398,8,23,0.348,20,29,0.69,14,44,16,10,5,19,21,35,85,0.412,9,20,0.45,17,24,0.708,12,44,14,10,4,15,24,-2,102.8974358974359,101.93589743589743,0.9615384615384616,-2,39.0,37.794871794871796,1.205128205128205,-2,85.78205128205128,84.12820512820512,1.6538461538461537,-0.013999999999999957,0.4555384615384614,0.4500769230769231,0.005461538461538463,-1,9.91025641025641,7.705128205128205,2.2051282051282053,3,27.115384615384617,22.576923076923077,4.538461538461538,-0.10200000000000004,0.36102564102564105,0.3399615384615383,0.02106410256410256,3,14.987179487179487,18.641025641025642,-3.6538461538461537,5,21.243589743589745,23.82051282051282,-2.576923076923077,-0.018000000000000016,0.7066153846153846,0.7819871794871794,-0.07537179487179481,2,10.602564102564102,10.23076923076923,0.3717948717948718,0,43.58974358974359,43.65384615384615,-0.0641025641025641,2,21.23076923076923,19.73076923076923,1.5,0,7.102564102564102,6.705128205128205,0.3974358974358974,1,5.769230769230769,4.923076923076923,0.8461538461538461,4,12.448717948717949,12.871794871794872,-0.4230769230769231,-3,20.525641025641026,18.512820512820515,2.0128205128205128
79,MIA,80,2017-04-08,Away,WAS,W,106,103,37,80,0.463,7,18,0.389,25,36,0.6940000000000001,8,36,23,13,7,13,19,39,81,0.481,8,22,0.364,17,22,0.773,12,44,21,7,6,19,24,3,102.78481012658227,101.86075949367088,0.9240506329113924,-2,38.924050632911396,37.75949367088607,1.1645569620253164,-1,85.74683544303798,84.13924050632912,1.6075949367088607,-0.01799999999999996,0.4548101265822784,0.44959493670886075,0.005215189873417723,-1,9.886075949367088,7.7215189873417724,2.1645569620253164,-4,27.063291139240505,22.544303797468356,4.518987341772152,0.025000000000000022,0.36086075949367086,0.34135443037974667,0.019506329113924047,8,15.050632911392405,18.620253164556964,-3.569620253164557,14,21.341772151898734,23.82278481012658,-2.481012658227848,-0.07899999999999996,0.7064050632911392,0.7810506329113923,-0.0746455696202531,-4,10.645569620253164,10.253164556962025,0.3924050632911392,-8,43.59493670886076,43.65822784810127,-0.06329113924050633,2,21.164556962025316,19.658227848101266,1.5063291139240507,6,7.139240506329114,6.746835443037975,0.3924050632911392,1,5.7594936708860756,4.9113924050632916,0.8481012658227848,-6,12.531645569620252,12.89873417721519,-0.3670886075949367,-5,20.531645569620252,18.582278481012658,1.9493670886075949
80,MIA,81,2017-04-10,Home,CLE,W,124,121,44,95,0.463,12,33,0.364,24,34,0.706,9,46,28,9,3,13,26,44,89,0.494,14,35,0.4,19,22,0.8640000000000001,7,47,19,7,4,21,25,3,102.825,101.875,0.95,0,38.9,37.775,1.125,6,85.675,84.1,1.575,-0.030999999999999972,0.45491249999999994,0.44998750000000004,0.004925000000000002,-2,9.85,7.725,2.125,-2,26.95,22.5375,4.4125,-0.03600000000000003,0.3612125,0.34163749999999987,0.019575,5,15.175,18.6,-3.425,12,21.525,23.8,-2.275,-0.15800000000000014,0.70625,0.78095,-0.07469999999999993,2,10.6125,10.275,0.3375,-1,43.5,43.6625,-0.1625,9,21.1875,19.675,1.5125,2,7.2125,6.75,0.4625,-1,5.775,4.925,0.85,-8,12.5375,12.975,-0.4375,1,20.5125,18.65,1.8625
81,MIA,82,2017-04-12,Home,WAS,W,110,102,46,88,0.523,8,24,0.333,10,12,0.833,14,51,19,2,4,17,13,42,87,0.483,7,26,0.269,11,14,0.7859999999999999,8,34,18,9,0,10,13,8,103.08641975308642,102.11111111111111,0.9753086419753086,4,38.96296296296296,37.851851851851855,1.1111111111111112,1,85.79012345679013,84.1604938271605,1.6296296296296295,0.040000000000000036,0.4550123456790123,0.4505308641975309,0.004481481481481484,1,9.876543209876543,7.802469135802469,2.074074074074074,-2,27.02469135802469,22.691358024691358,4.333333333333333,0.064,0.3612469135802469,0.34235802469135784,0.018888888888888886,-1,15.283950617283951,18.604938271604937,-3.3209876543209877,-2,21.679012345679013,23.77777777777778,-2.0987654320987654,0.04700000000000004,0.7062469135802469,0.7819753086419753,-0.07572839506172833,6,10.592592592592593,10.234567901234568,0.35802469135802467,17,43.53086419753087,43.7037037037037,-0.1728395061728395,1,21.271604938271604,19.666666666666668,1.6049382716049383,-7,7.234567901234568,6.753086419753086,0.48148148148148145,4,5.7407407407407405,4.91358024691358,0.8271604938271605,7,12.54320987654321,13.074074074074074,-0.5308641975308642,0,20.580246913580247,18.728395061728396,1.8518518518518519
